floornum,replytime,user,content,liang,包含隆多的评论,131
2楼,2018/4/22 7:45,凯尔特加油,第一支晋级第二轮的球队，成功团灭ESPN预测团!恭喜鹈鹕!浓眉和霍哥俩人各40+，各自职业生涯季后赛得分新高!恭喜！多多又准三双，差评!另外开拓者有点惨啊，季后赛10连败了。,2554,亮数少于2的评论,780
4楼,2018/4/22 7:45,哈灯的登,多多：看我眼神AD：I see ，我飞汪峰：你的梦想是什么隆多：成为一个能抢板助攻的好教练假日，牛浓眉，牛X加倍发自虎扑iPhone客户端,16,亮数少于3的评论,835
5楼,2018/4/22 7:45,丁洋球,恭喜鹈鹕成为季后赛首轮第一支出线的队伍！鹈鹕总冠军！,29,,
7楼,2018/4/22 7:45,超级神登,有谁还记得那位信誓旦旦的裸奔兄弟呢？你在哪？发自虎扑Android客户端,2031,,
8楼,2018/4/22 7:45,东风乱舞,同场40+，整个系列赛浓眉和霍勒迪命中率在55%以上合砍60+，这就是传说中的OK组合吧？还有系列赛55%命中率拿18分的米罗蒂奇和13+助攻的朗多除了鹈鹕总冠军不知道还能说啥了！,4915,,
9楼,2018/4/22 7:45,就会abc,恭喜水鸟第一个进入第二轮，两人40+，啥也别说了，鹈鹕总冠军。发自虎扑Android客户端,6,,
10楼,2018/4/22 7:45,多诺万_米切尔,对于这轮系列赛，有6点想说......发自虎扑Android客户端,130,,
11楼,2018/4/22 7:45,昌西BIGS,醐人总冠军 takers总冠军发自虎扑iPhone客户端,10,,
13楼,2018/4/22 7:45,Evorlin,鹈鹕总冠军！,12,,
14楼,2018/4/22 7:45,陪你去看三分雨,恭喜鹈鹕晋级第二轮！浓眉牛逼！假日哥牛逼！隆多牛逼！如果开拓者前三场拿出这场的状态和拼劲，也不至于被横扫，利指导休赛期继续提升自己吧。,5,,
15楼,2018/4/22 7:45,找个老婆当老公,表真的没电了,6,,
17楼,2018/4/22 7:45,灯泡最牛,经过一段时间的蛰伏，利拉德即将发布他的新专辑，专辑的歌曲有《新奥尔良的空袭》《假表》《假日的谎言》《剃了胡子的男人》《我的好友隆指导》敬请大家期待，还有5月份的巡回演唱会，大家不要错过利拉德透露，他最近一直在看一本书，书名叫《双层夹心三明治怎么做才好吃》发自虎扑Android客户端,2948,,
18楼,2018/4/22 7:45,舒i楚南,第四节无尿点，开拓者每次追到只差一个球就能追平或者反超，但鹈鹕总是能够给与回应。开拓者总是差口气，开拓者已经倾其所有了，也为他们的拼搏精神点赞。这场虽然火药味十足，但双方都打出了很高的水平，这是一场精彩的比赛。AD和霍乐迪双星闪耀40+。恭喜浓眉季后赛得分生涯新高。恭喜鹈鹕队季后赛单场得分新高。恭喜鹈鹕成为第一支晋级半决赛的球队。,9,,
19楼,2018/4/22 7:45,jootoo8,10年后鹈鹕赢的首个季后赛系列赛2个40+破队史纪录的得分,11,,
21楼,2018/4/22 7:45,长胡哈登,队友真尽力了利拉德真的令人失望,8,,
22楼,2018/4/22 7:45,为何而存在,利指导啊，还是没有出现期待的利拉德时间，第四节看到的是杀红眼的阿米奴和CJ，利指导面对提前包夹显得都有点木了，攻防两端都毫无存在感。以前说到利拉德，第一印象就是永远不服不忿，打不过你也要咬你几口肉，这轮系列赛的利拉德真的让人失望啊。,1797,,
23楼,2018/4/22 7:45,Fh,教练请回教练席，禁区有浓眉假日，外线有米罗摩尔，剃胡总冠军,21,,
24楼,2018/4/22 7:45,Czb_Gin,热烈庆祝新奥尔良队史首次横扫！浓眉假日隆多威武！也希望下一轮大家轻黑。发自虎扑iPhone客户端,8,,
25楼,2018/4/22 7:45,卡布草草哒,开会开会！！！！发自虎扑iPhone客户端,6,,
27楼,2018/4/22 7:45,ExtraLawCP3,RIP CITY.......,1,,
28楼,2018/4/22 7:45,1U是我女神啊,霍勒迪牛逼发自虎扑iPhone客户端,1,,
29楼,2018/4/22 7:45,Way_kb,霍勒迪和戴维斯简直就是现代版ok组合啊，等等，还有一个隆指导！真犀利，恭喜鹈鹕以下克上，横扫开拓者！！！发自虎扑Android客户端,8,,
30楼,2018/4/22 7:45,这节课好久,发自虎扑Android客户端,3118,,
31楼,2018/4/22 7:45,hutugugu,鹈鹕进攻真的可怕，总冠军！！,4,,
32楼,2018/4/22 7:45,小帅中校,替湖总冠军……发自虎扑iPhone客户端,5,,
33楼,2018/4/22 7:45,yushuangxi,qqqqqqqq。 发自虎扑iPhone客户端,0,,
34楼,2018/4/22 7:45,王博功,恭喜鹈鹕成为第一支进入季后赛次轮的球队发自虎扑Android客户端,2,,
35楼,2018/4/22 7:45,南昌航空小学,霍乐迪，真巨星发自虎扑Android客户端,2,,
36楼,2018/4/22 7:45,lai110960,鹈鹕总冠军。，。。。。。。。。。,1,,
37楼,2018/4/22 7:45,zNO.27,开拓者这。。。发自虎扑iPhone客户端,1,,
38楼,2018/4/22 7:45,彡GARY灬,浓眉牛逼炸了！！霍勒迪真大腿！！隆指导真为季后赛而生呀！下克上4比0横扫！！发自虎扑iPhone客户端,3,,
39楼,2018/4/22 7:45,1U是我女神啊,浓眉牛逼。 发自虎扑iPhone客户端,2,,
40楼,2018/4/22 7:45,小火箭熊熊,哇，这只鹈鹕强的可以，期待对战勇士。发自虎扑iPhone客户端,1,,
41楼,2018/4/22 7:45,老詹的前男友,开拓者真的惨……发自虎扑Android客户端,3,,
42楼,2018/4/22 7:45,这么靠谱,假日哥今天真的为所欲为了发自虎扑Android客户端,12,,
43楼,2018/4/22 7:45,PimpC,下克上横扫！！！发自虎扑Android客户端,4,,
44楼,2018/4/22 7:45,保罗乔治22,双四十加？鹈鹕总冠军！发自虎扑iPhone客户端,2,,
46楼,2018/4/22 7:45,小浣熊干脆面ljm,乖乖！鹈鹕总冠军！发自虎扑iPhone客户端,1,,
47楼,2018/4/22 7:45,对长亭晚,利拉德换个续航能力强的手表吧。。发自虎扑Android客户端,3,,
48楼,2018/4/22 7:45,又见过山车,到这里，不得不心疼下去年的公牛啊。发自虎扑Android客户端,2,,
49楼,2018/4/22 7:45,yinq9,乔丹加盟爵士基德加盟湖人 大概也就这样了吧。。。,2,,
50楼,2018/4/22 7:45,蝉鸣后又初雪melo,假日哥强无敌！！！发自虎扑Android客户端,4,,
51楼,2018/4/22 7:45,我把我对折,利拉德这轮比赛真是生涯污点发自虎扑iPhone客户端,7,,
52楼,2018/4/22 7:45,huanggigs,醍醐总冠军。。。,2,,
53楼,2018/4/22 7:45,最好的未来式,霍乐迪：今天就让我假日哥送你们去度假吧。,1,,
54楼,2018/4/22 7:45,雷管已架好机枪,来吧让人看看是否真的提升到了死神和皇帝级别了发自手机虎扑 m.hupu.com,2,,
55楼,2018/4/22 7:45,XJBD二师兄,浓眉，霍乐迪。。。。多的不说了，双40牛逼发自虎扑Android客户端,1,,
56楼,2018/4/22 7:45,226lu,开拓者季后赛10连跪，稳啊！发自虎扑Android客户端,3,,
57楼,2018/4/22 7:45,RAMBole,真没想到鹈鹕是第一个冲线的……发自虎扑Android客户端,1,,
58楼,2018/4/22 7:45,20manu,霍乐迪浓眉双40牛逼哄哄，cj尽力了利拉德CBA发自虎扑iPhone客户端,1,,
59楼,2018/4/22 7:45,jeffjimmy,cj尽力了，利执导垃圾发自虎扑iPhone客户端,4,,
60楼,2018/4/22 7:45,昵称都存在叫我怎么办,就这么横扫了，不留一点悬念发自虎扑Android客户端,1,,
61楼,2018/4/22 7:45,科比100000,剃胡总冠军！！！发自虎扑Android客户端,2,,
62楼,2018/4/22 7:45,longcm,利拉德就两个字，沮丧。,1,,
63楼,2018/4/22 7:45,白白胖胖杜兰特,霍勒迪牛逼！职业生涯季后赛得分新高+杀死比赛！浓眉牛逼！职业生涯季后赛得分新高+致命盖帽！隆多牛逼！鹈鹕牛逼！开拓者这边，CJ真的尽力了，上场45分钟，职业生涯季后赛第二高的得分，却依旧无法阻止球队被横扫。利拉德啊，四场比赛只有一次得分上20，真的没法打……发自虎扑Android客户端,2,,
64楼,2018/4/22 7:45,牛魔王也吃饲料,假日哥牛逼发自虎扑Android客户端,0,,
65楼,2018/4/22 7:45,runningfoot,利拉德打的最惨的一轮系列赛！……隆多真厉害！！发自虎扑Android客户端,1,,
66楼,2018/4/22 7:45,骑猪耍流氓,勇士要小心了发自虎扑Android客户端,0,,
67楼,2018/4/22 7:46,考辛斯第一控卫,晋级咯晋级咯发自虎扑Android客户端,0,,
68楼,2018/4/22 7:46,抱橘者,开拓者下赛季再来！大西北永不干涸！发自虎扑Android客户端,1,,
69楼,2018/4/22 7:46,丝袜骑士,我今天好像看到了乔丹和大鲨鱼在一起打球。。。。发自虎扑Android客户端,2,,
70楼,2018/4/22 7:46,影帝从来不会迟到,以下克上横扫，鹕人总冠军！发自虎扑Android客户端,2,,
71楼,2018/4/22 7:46,猫鱼爱火箭,MVP今天这个男人叫霍乐，因为无敌发自虎扑Android客户端,1,,
72楼,2018/4/22 7:46,扬我古风,假日哥牛逼，戴维斯牛逼。鹈鹕总冠军！发自手机虎扑 m.hupu.com,1,,
73楼,2018/4/22 7:46,起个名真_太难了,专家们的内心发自虎扑iPhone客户端,7,,
74楼,2018/4/22 7:46,公子慕尘,假日哥浓眉哥牛逼。发自虎扑Android客户端,0,,
75楼,2018/4/22 7:46,Jim是Harden,六号种子夺冠难道要重演了吗？发自虎扑iPhone客户端,2,,
76楼,2018/4/22 7:46,白流苏macrame,浓眉内线真的无解，霍乐迪越来越横了。这波横扫很强势啊。发自手机虎扑 m.hupu.com,2,,
77楼,2018/4/22 7:46,MeowGusta,11111111111111发自虎扑Android客户端,0,,
80楼,2018/4/22 7:46,没有拉风的昵称咦,谁能想过第一个被淘汰的竟然是三号种子的开拓者？并且以横扫形式被淘汰？浓眉哥表示:你当年拿了最佳新秀，我今年夺你冠军梦！发自虎扑Android客户端,3,,
81楼,2018/4/22 7:46,答案1,鹈鹕总冠军。。。。发自手机虎扑 m.hupu.com,0,,
82楼,2018/4/22 7:46,喜欢背书包的大秃鹫,真的没有人能想到发自虎扑iPhone客户端,1,,
83楼,2018/4/22 7:46,wingszerojason,水鸟潜力太可怕了，绝对是西部最重要的搅局者。发自手机虎扑 m.hupu.com,2,,
84楼,2018/4/22 7:46,Curry丶s,水鸟是真的厉害啊,1,,
85楼,2018/4/22 7:46,genthrill,鹈鹕双40+横扫新・垃圾兄弟发自虎扑iPhone客户端,1,,
86楼,2018/4/22 7:46,辜鸿铭,见到了……哈哈发自虎扑Android客户端,0,,
87楼,2018/4/22 7:46,滚烫小豆浆,苍了天啦..霍勒迪生生打服了赛季初的黑子..牛逼发自虎扑iPhone客户端,2,,
88楼,2018/4/22 7:46,l勒布朗布莱恩特l,霍勒迪真的厉害了发自虎扑iPhone客户端,1,,
89楼,2018/4/22 7:46,ps3kings,太强了，双40加发自虎扑iPhone客户端,1,,
90楼,2018/4/22 7:46,科比比比好萌,赛季初你可能觉得霍乐迪是个智障，如果你现在还这么认为，那你可能是个智障发自手机虎扑 m.hupu.com,2,,
91楼,2018/4/22 7:46,七里冲科比,记者：利拉德，假日怎么安排？利拉德：不好意思，我被假日安排了！发自虎扑iPhone客户端,4,,
92楼,2018/4/22 7:46,辣噻儿威斯布鲁克,牛逼的一塌糊涂啊。利拉德消失了发自虎扑iPhone客户端,1,,
93楼,2018/4/22 7:46,不想写论文,横扫，见证双40，厉害了发自虎扑iPhone客户端,1,,
94楼,2018/4/22 7:46,圣城的石头,万万没想到！！！！发自虎扑iPhone客户端,0,,
95楼,2018/4/22 7:46,南盟_卢卡东契奇,，，，，，，，，，，，，鹈鹕总冠军 来年吧，今年76人,1,,
96楼,2018/4/22 7:46,lucifer_57,努尔基奇都哭了。。可怜的开拓者发自虎扑Android客户端,1,,
98楼,2018/4/22 7:46,野路狂奔,剃胡总冠军！那个浓眉大眼的家伙太让人绝望了！下一轮，大战杜兰特，挑战宇宙勇！发自虎扑Android客户端,1,,
99楼,2018/4/22 7:46,拉风的小中年,鹈鹕总冠军！发自虎扑iPhone客户端,0,,
100楼,2018/4/22 7:46,rytkobe1999,假日哥：今天教你们看看什么才是真正的全明星！ps：今天浓眉也是状态爆炸，鹈鹕真正做到了攻防两端压制！发自虎扑iPhone客户端,1,,
101楼,2018/4/22 7:46,阿哦O,神仙打架！利拉德是个凡人发自手机虎扑 m.hupu.com,1,,
102楼,2018/4/22 7:46,边睡边吃,AD天神下凡！这球看这刺激！谁能想到第一个挺进第二轮的竟然是鹈鹕！这支队伍赢的比赛，赢得尊重！发自虎扑iPhone客户端,1,,
103楼,2018/4/22 7:46,卧了槽,假日哥：常规赛黑我的，一个个过来道歉发自虎扑iPhone客户端,1,,
104楼,2018/4/22 7:46,fatfree,今天的霍勒迪真是无所不能，打的真是好看，鹈鹕的三驾马车开动了。,1,,
105楼,2018/4/22 7:46,5623,利拉德这轮打的是真的差。。发自虎扑Android客户端,1,,
106楼,2018/4/22 7:46,guan630057877,恭喜鹈鹕 终于进入次轮发自虎扑iPhone客户端,0,,
107楼,2018/4/22 7:46,我和保罗一样高,霍勒迪和浓眉双双砍下40+ 季后赛太刺激了发自虎扑iPhone客户端,0,,
108楼,2018/4/22 7:46,blake32griffin,浓眉哥和假日同取40加，恭喜鹈鹕进入第二轮！发自虎扑Android客户端,1,,
109楼,2018/4/22 7:46,我老婆是新垣结衣哟,不多说，一群神仙在打架！恭喜水鸟发自虎扑iPhone客户端,0,,
110楼,2018/4/22 7:46,积雨空林,整个系列赛，我们假日哥给你们整得明明白白的。发自虎扑Android客户端,1,,
111楼,2018/4/22 7:46,Ayeeeeeee,没办法了啊，鹈鹕太强了发自虎扑iPhone客户端,1,,
112楼,2018/4/22 7:46,射雕雄传,男人的眼泪，好令人动容，下赛季再来！发自虎扑Android客户端,3,,
113楼,2018/4/22 7:46,虎扑老油条,霍乐迪:请不要叫我假日哥，我是真日！！！发自虎扑Android客户端,1,,
114楼,2018/4/22 7:46,c25531960,,1,,
115楼,2018/4/22 7:46,小路路路路,周日我上班！！发自手机虎扑 m.hupu.com,0,,
116楼,2018/4/22 7:46,我就坐着看你们撕,鹈鹕总冠军！发自虎扑Android客户端,0,,
117楼,2018/4/22 7:46,Alphawang,霍勒迪 浓眉 6666666双四十 恭喜鹈鹕晋级 实至名归cj俨然是开拓者老大了 今天打的不错,2,,
118楼,2018/4/22 7:46,wzarlll,66666666666发自虎扑iPhone客户端,1,,
119楼,2018/4/22 7:46,jash123,利指导就是传说中野球场上发球后卫？发自手机虎扑 m.hupu.com,1,,
120楼,2018/4/22 7:46,杰のCP3,安排得清清楚楚明明白白真真切切发自虎扑iPhone客户端,0,,
121楼,2018/4/22 7:46,sicksnow,一场比赛刷爆记录的节奏圣假日发自虎扑Android客户端,2,,
122楼,2018/4/22 7:46,romario,开拓者太惨了，被虐了,1,,
123楼,2018/4/22 7:46,酸呀么酸呀菜,开拓者被横扫了 浓眉太强了发自虎扑iPhone客户端,1,,
124楼,2018/4/22 7:46,迈阿密一之王,美国那些专家脸都打肿了，清一色的认为开拓者会晋级，结果不但预测错误，还一场都没有赢。当然，加我一个，脸不太会被打肿发自虎扑Android客户端,1,,
125楼,2018/4/22 7:46,文思没卡特,我滴乖乖啊发自虎扑Android客户端,2,,
126楼,2018/4/22 7:46,托尼・帕克,开拓者不冤，毕竟对方是科比和奥尼尔带队！发自虎扑iPhone客户端,1,,
127楼,2018/4/22 7:46,狼王威金斯22,第6竟然横扫第3，西部真是激烈发自虎扑Android客户端,2,,
128楼,2018/4/22 7:46,duncan9799,系列赛开打前，谁能想到鹈鹕第一支晋级下一轮？必须要吹一波霸气的浓眉，稳健的多指导，犀利的假日，帅气的米罗。发自虎扑Android客户端,2,,
129楼,2018/4/22 7:46,最ai科艾麦,霍乐迪牛逼，浓眉牛逼，隆多牛逼！！！！！发自虎扑iPhone客户端,0,,
130楼,2018/4/22 7:46,咕噜噜嘎,浓眉和假日哥很强，各自都有很好的效果，以前没反应是缺点什么，隆多就是催化剂。,1,,
131楼,2018/4/22 7:46,阿咩羊,为啥利拉德发挥比常规赛惨那么多。。。发自虎扑Android客户端,2,,
132楼,2018/4/22 7:46,Mr.behind,鹈鹕总冠军发自虎扑iPhone客户端,0,,
133楼,2018/4/22 7:46,会说话的鼻子,浓眉牛逼，季后赛新高，比分纪录，第一次横扫。太厉害了，攻防两端carry全场发自手机虎扑 m.hupu.com,0,,
134楼,2018/4/22 7:46,解说员黄春,心疼阿米努，带着一群burden发自虎扑Android客户端,2,,
135楼,2018/4/22 7:46,专注送人头若干年,下克上 ESPN那些“砖家”脸都变成猪头了吧发自虎扑iPhone客户端,1,,
136楼,2018/4/22 7:46,lbc9168,鹈鹕四巨头真厉害希望能给勇士制造点麻烦，给球迷带来更精彩的半决赛吧发自手机虎扑 m.hupu.com,2,,
137楼,2018/4/22 7:46,属于自己的解脱,发自虎扑Android客户端,4,,
138楼,2018/4/22 7:46,kindred,开拓者殊死一搏，也算力战而死，无奈对面有俩高达啊！！！颤抖了吗勇士发自虎扑iPhone客户端,2,,
139楼,2018/4/22 7:46,看我360度腾空起飞,利拉德，不争气发自虎扑iPhone客户端,0,,
140楼,2018/4/22 7:46,sc30lc,还有那些下克上还横扫的系列赛？发自虎扑iPhone客户端,0,,
141楼,2018/4/22 7:46,旅行的青蛙,这时候真要喊一声湖人，不，鹕人总冠军。,1,,
142楼,2018/4/22 7:46,君九思,引用7楼 @超级神登 发表的:有谁还记得那位信誓旦旦的裸奔兄弟呢？你在哪？为了看他裸奔 亮你上去 老铁发自虎扑iPhone客户端,140,,
143楼,2018/4/22 7:46,大卫李3,利指导江湖地位降一档发自虎扑iPhone客户端,0,,
144楼,2018/4/22 7:46,国际帅b,既生霍，何生利。发自虎扑Android客户端,1,,
145楼,2018/4/22 7:46,此偏少年,季后赛首轮4:0的下克上见过没发自虎扑iPhone客户端,1,,
146楼,2018/4/22 7:46,莲藕11,假日和浓眉，真的牛笔！发自手机虎扑 m.hupu.com,1,,
147楼,2018/4/22 7:46,iSun918,整个系列赛利拉德都是绝望发自虎扑iPhone客户端,0,,
148楼,2018/4/22 7:46,HC站不住,最预料不到的一轮恭喜鹈鹕发自虎扑iPhone客户端,0,,
149楼,2018/4/22 7:46,yuioture,鹈鹕总冠军！发自虎扑Android客户端,0,,
150楼,2018/4/22 7:46,天才小樱木,作为多蜜很开心！ 浓眉和假日真牛逼 发自虎扑iPhone客户端,1,,
151楼,2018/4/22 7:46,亦风Tlr,隆多：收官赛最艰难发自虎扑iPhone客户端,2,,
152楼,2018/4/22 7:46,哥哥与阿花,双40神迹，总冠军发自虎扑iPhone客户端,1,,
153楼,2018/4/22 7:46,三双多1,恐怖的是鹈鹕只有八人轮换发自虎扑iPhone客户端,2,,
154楼,2018/4/22 7:46,zhuxiaohu35,神之掂脚！！！！,1,,
155楼,2018/4/22 7:46,mylgb634335,不懂问一下，这是不是第一支下半区球队对上半区横扫的？发自虎扑Android客户端,1,,
156楼,2018/4/22 7:46,我就是文章,专家已经全部阵亡发自虎扑Android客户端,0,,
157楼,2018/4/22 7:46,陌小竹,恭喜浓眉进入第二轮发自虎扑iPhone客户端,0,,
158楼,2018/4/22 7:46,丽萨Lisa,霍乐迪真牛逼，浓眉好厉害发自手机虎扑 m.hupu.com,0,,
159楼,2018/4/22 7:46,走步联盟,鹈鹕真的可以，希望你们走的更远，也希望开拓者能总结经验，明年再来！发自虎扑Android客户端,1,,
160楼,2018/4/22 7:46,beiwai0912158,老凯发来贺电，恭喜鹈鹕恭喜隆前队长！发自虎扑iPhone客户端,1,,
161楼,2018/4/22 7:46,How_,双40＋！！！！剃胡总冠军！！！！Where amazing happen ！！！！！！发自虎扑iPhone客户端,0,,
162楼,2018/4/22 7:46,帅到经历绝望,OK组合浓眉假日牛逼啊发自手机虎扑 m.hupu.com,0,,
163楼,2018/4/22 7:47,梨嘘嘘,这轮系列赛开始之前，恐怕没有人觉得开拓者会被横扫吧发自手机虎扑 m.hupu.com,0,,
164楼,2018/4/22 7:47,wsfw,现在季后赛软的名头要轮到利拉德了嘛发自手机虎扑 m.hupu.com,0,,
165楼,2018/4/22 7:47,科比说我可以,利指导今年太让人失望了！！发自虎扑iPhone客户端,0,,
166楼,2018/4/22 7:47,飞翔的三大大,弩机擦汗水那个镜头还挺动容的……斯托茨尽力了，利指导……恭喜水鸟～打勇士见！,0,,
167楼,2018/4/22 7:47,嘉靖x海瑞,厉害了，一点儿办法也没有啊，绝望发自虎扑iPhone客户端,0,,
169楼,2018/4/22 7:47,这个里面,牛逼！第一支横扫，第一支晋级发自虎扑iPhone客户端,0,,
170楼,2018/4/22 7:47,中了双色球,拓荒打的很好了，奈何面对的是天神一样的戴维斯和开挂的霍乐迪。发自虎扑Android客户端,0,,
171楼,2018/4/22 7:47,阿宅~,假日，爸爸啊发自虎扑iPhone客户端,0,,
172楼,2018/4/22 7:47,懦夫才需要禁赛对手,万万没想到，开拓者居然被横扫发自手机虎扑 m.hupu.com,0,,
173楼,2018/4/22 7:47,BlackJohnnyL,我与浓眉假日三巨头合砍88分发自虎扑Android客户端,0,,
174楼,2018/4/22 7:47,BURUBURU,开拓者凉了，真的凉了。这场面比我刺还难看,1,,
175楼,2018/4/22 7:47,loli孔,替湖总冠军！借图一用发自虎扑iPhone客户端,2,,
176楼,2018/4/22 7:47,胖诗,鹈鹕总冠军！！！发自虎扑Android客户端,0,,
178楼,2018/4/22 7:47,从头来过123,真的太强了鹈鹕总冠军发自虎扑iPhone客户端,0,,
180楼,2018/4/22 7:47,鱼别丢,双40+牛逼！,0,,
181楼,2018/4/22 7:47,lchgm2010,下一轮有看点了   发自虎扑Android客户端,0,,
182楼,2018/4/22 7:47,佛山吴亦凡rm,在假日时间，假日哥牛到爆炸！双枪40！  纽机失落的眼神揪心啊，开拓者还有很长路要走发自虎扑iPhone客户端,0,,
183楼,2018/4/22 7:47,小青年,全场这么多40+，唯独没有李指导。关键时刻阿米奴抢断上篮，李指导上篮不进。可能这就是过程。,0,,
184楼,2018/4/22 7:47,拉简德怀特朗多霍华德,哈哈哈哈哈发自虎扑iPhone客户端,1,,
185楼,2018/4/22 7:47,charles1006,没想到最先晋级的是鹈鹕，第三名被第六名横扫出局，然后第六名还让了一个一阵中锋。。。发自虎扑Android客户端,0,,
186楼,2018/4/22 7:47,俄散散散,鹕人总冠军！！！假日哥厉害炸了！！发自虎扑Android客户端,0,,
187楼,2018/4/22 7:47,愿天涯共此时,我说霍乐迪牛逼，谁敢反对？？？？发自虎扑Android客户端,0,,
188楼,2018/4/22 7:47,北卡的卡特,4比0结束，令人大跌眼镜,1,,
189楼,2018/4/22 7:47,Son房小帅,双40+，牛13发自虎扑iPhone客户端,0,,
190楼,2018/4/22 7:47,95528,剃胡总冠军！发自虎扑Android客户端,0,,
191楼,2018/4/22 7:47,我科黑曼巴最帅,开拓者啊 真让球迷心寒 发自虎扑Android客户端,0,,
193楼,2018/4/22 7:45,丁洋球,恭喜鹈鹕成为季后赛首轮第一支出线的队伍！鹈鹕总冠军！,0,,
194楼,2018/4/22 7:45,ExtraLawCP3,RIP CITY.......,1,,
195楼,2018/4/22 7:46,凤梨都被占了,利拉德这个系列赛真是迷,3,,
196楼,2018/4/22 7:46,哈灯的登,多多：看我眼神AD：I see ，我飞汪峰：你的梦想是什么隆多：成为一个能抢板助攻的好教练假日，牛浓眉，牛X加倍发自虎扑iPhone客户端,1,,
197楼,2018/4/22 7:46,yinq9,乔丹加盟爵士基德加盟湖人 大概也就这样了吧。。。,1,,
198楼,2018/4/22 7:46,纽约之主威金斯,阿米努四场，场均17+9+52命中率。不能在要求更多了吧？,0,,
199楼,2018/4/22 7:46,duncan9799,系列赛开打前，谁能想到鹈鹕第一支晋级下一轮？必须要吹一波霸气的浓眉，稳健的多指导，犀利的假日，帅气的米罗。发自虎扑Android客户端,0,,
200楼,2018/4/22 7:46,zk0100,浓眉个哥季后赛破处后真是煞都刹不住发自手机虎扑 m.hupu.com,0,,
201楼,2018/4/22 7:46,迈阿密一之王,美国那些专家脸都打肿了，清一色的认为开拓者会晋级，结果不但预测错误，还一场都没有赢。当然，加我一个，脸不太会被打肿发自虎扑Android客户端,0,,
202楼,2018/4/22 7:46,226lu,开拓者季后赛10连跪，稳啊！发自虎扑Android客户端,1,,
203楼,2018/4/22 7:46,舒i楚南,第四节无尿点，开拓者每次追到只差一个球就能追平或者反超，但鹈鹕总是能够给与回应。开拓者总是差口气，开拓者已经倾其所有了，也为他们的拼搏精神点赞。 这场虽然火药味十足，但双方都打出了很高的水平，这是一场精彩的比赛。 AD和霍乐迪双星闪耀40+。 恭喜浓眉季后赛得分生涯新高。 恭喜鹈鹕队季后赛单场得分新高。 恭喜鹈鹕成为第一次横扫对手。 恭喜鹈鹕成为第一支晋级半决赛的球队。,1,,
204楼,2018/4/22 7:46,陌小竹,恭喜浓眉进入第二轮发自虎扑iPhone客户端,0,,
205楼,2018/4/22 7:46,NashNice,引用193楼 @丁洋球 发表的:恭喜鹈鹕成为季后赛首轮第一支出线的队伍！鹈鹕总冠军！着实意外，本赛季第一组4-0出现的如此之快。浓眉真的是不鸣则已，一鸣惊人。造就球队历史上的首次横扫，与霍乐迪双双砍下40+，简直无解！也再次印证了我一直以来的个人观点：金特里不差。关于波特兰，值得一提的是，算上上赛季次轮，至今难求一胜。发自虎扑Android客户端,0,,
206楼,2018/4/22 7:46,路边野鹤,发自虎扑Android客户端,2,,
207楼,2018/4/22 7:46,拉简德怀特朗多霍华德,哈哈哈哈哈发自虎扑iPhone客户端,0,,
208楼,2018/4/22 7:46,依然黑螺丝,爆炸头攻击还不错，就是失误太多了,0,,
209楼,2018/4/22 7:46,我把我对折,利拉德不说了发自虎扑iPhone客户端,1,,
210楼,2018/4/22 7:46,Epcilon,假日开光了，勇士颤抖吧,0,,
211楼,2018/4/22 7:47,罗比_劳勒,猪霍勒迪终于为自己正名啦！今天无疑超巨表现发自手机虎扑 m.hupu.com,0,,
212楼,2018/4/22 7:47,牛拉闪电,谁会想到结果是这样的，尊重是赢来的啊。发自虎扑iPhone客户端,0,,
213楼,2018/4/22 7:47,不吃猫的咸鱼,恭喜鹈鹕！！！！希望能跟勇士打出精彩的比赛，隆多牛逼！假日哥牛逼！！！发自虎扑Android客户端,0,,
214楼,2018/4/22 7:47,陌陌不约炮,利拉德：劳资下场就追分回来，怎样缓解尴尬？真的是心疼开拓者，双枪整个系列赛被压制，好好的一副牌打到被横扫，休赛季开拓者肯定会对阵容做一番调整了！发自虎扑iPhone客户端,0,,
215楼,2018/4/22 7:47,Twoziii,不是吹， AD就是联盟第一人。,0,,
216楼,2018/4/22 7:47,VM石察卡,这场火药味真浓啊发自虎扑iPhone客户端,0,,
217楼,2018/4/22 7:47,後入段小猴,4:0谁能想象？发自虎扑iPhone客户端,0,,
218楼,2018/4/22 7:47,悟空为师射了,假日哥真牛逼！！发自虎扑Android客户端,0,,
219楼,2018/4/22 7:47,SmartRivers,服了服了服了，牛逼发自虎扑iPhone客户端,2,,
220楼,2018/4/22 7:47,你少跟我装,湖……鹕人总冠军！发自虎扑iPhone客户端,0,,
222楼,2018/4/22 7:47,威斯布鲁克49,鹕人总冠军。。发自手机虎扑 m.hupu.com,0,,
224楼,2018/4/22 7:47,只有敬亭山,一个字，牛逼炸了！！发自虎扑iPhone客户端,0,,
225楼,2018/4/22 7:47,你少跟我装,湖……鹕人总冠军！发自虎扑iPhone客户端,0,,
226楼,2018/4/22 7:47,别问我要干哈啊,火了滴和带围丝牛逼，龙队16助攻，简直上天。看的热血沸腾发自虎扑Android客户端,0,,
227楼,2018/4/22 7:47,cupsule233,我觉得，这几轮比赛我们吹了水鸟的很多人 多指导尤甚。唯独我们还是选择性的忽略了霍勒迪 一个在系列赛里攻防都发挥出色的球员。很多时候，我们人云亦云地去轮他的失误 他的关键球 忽略了他所擅长的东西和他无声无息的奉献。这轮系列赛他算是彻底证明了自己。完封利指导 g4狂砍40+。我认为，我们也应该给他应有的尊重了。90后的第一个全明星 历经风风雨雨 现在也可以自豪地说句―我也是联盟有数的好后卫了！发自虎扑iPhone客户端,0,,
228楼,2018/4/22 7:47,什么昵称拉风呢,各位代表准备好材料，煮米大会正式开始。发自虎扑Android客户端,0,,
229楼,2018/4/22 7:47,雷刺狼,牛逼！！！！！谁能想到开拓者对上水鸟可以第一轮横扫？？？发自虎扑Android客户端,0,,
230楼,2018/4/22 7:47,虎扑应隆,双40+，恭喜水鸟成为本赛季第一支晋级季后赛次轮的球队！！！发自虎扑Android客户端,0,,
231楼,2018/4/22 7:47,yekai,眼镜碎一地水鸟太猛了，利指导跌下神坛的一个系列，嘴炮震天响，结果都打的服软了准备开会材料吧发自虎扑iPhone客户端,0,,
232楼,2018/4/22 7:47,最ai科艾麦,洋溢预测这轮系列赛开拓者4：1鹈鹕...发自虎扑iPhone客户端,3,,
233楼,2018/4/22 7:47,朗佐鲍尔的哥哥,吹一波隆多，16助攻！激活全队发自虎扑Android客户端,0,,
234楼,2018/4/22 7:47,天才小樱木,引用30楼 @这节课好久 发表的:打人不打脸发自虎扑iPhone客户端,116,,
235楼,2018/4/22 7:47,我才不是黑曼巴,鹕人总冠军！发自虎扑iPhone客户端,0,,
236楼,2018/4/22 7:47,runningfoot,引用30楼 @这节课好久 发表的:鹈鹕真打脸之王！！发自虎扑Android客户端,62,,
237楼,2018/4/22 7:47,因为我是你的超级英雄,我鹕未来可期发自虎扑iPhone客户端,0,,
238楼,2018/4/22 7:47,NBA游客一只,多多应该放掉cj的最后一个上篮，毕竟马上四十分了，对比赛结果也不影响发自虎扑Android客户端,0,,
239楼,2018/4/22 7:47,恕也,鹈鹕彻底被激活码发自虎扑Android客户端,0,,
240楼,2018/4/22 7:47,看看ID是啥,利拉德最后一节一分未得，开拓者活生生被霍勒迪和戴维斯打死了。发自虎扑Android客户端,0,,
241楼,2018/4/22 7:47,泰勒普德2333,谁能想到第一个晋级的事鹈鹕？？？发自虎扑iPhone客户端,0,,
242楼,2018/4/22 7:47,GSJaVale,强大的鹈鹕，团结的鹈鹕，致敬！发自虎扑Android客户端,0,,
243楼,2018/4/22 7:47,黑椒菠菜,健康的浓眉啊 这攻防统治力太牛了 发自虎扑iPhone客户端,0,,
244楼,2018/4/22 7:47,staple_xu,又一个被ad打哭的李哥发自虎扑Android客户端,0,,
245楼,2018/4/22 7:47,he522,最后看看浓眉也是太不容易了 空砍群群主那么多年 好不容易有了个全明星队友重伤 最后自己带着队加上队友的超神发挥横扫尽2轮 恭喜,0,,
246楼,2018/4/22 7:47,中了双色球,引用85楼 @genthrill 发表的:鹈鹕双40+横扫新・垃圾兄弟今天不垃圾了，奈何对面两个大挂逼。发自虎扑Android客户端,0,,
247楼,2018/4/22 7:47,高速通行,季后赛水鸟发自虎扑Android客户端,0,,
248楼,2018/4/22 7:47,Henrycle,剃胡总冠军！！！！浓眉霍勒迪太特么猛了！发自虎扑iPhone客户端,0,,
249楼,2018/4/22 7:47,阿郁2345,两个40+！！隆执导牛逼！！发自虎扑iPhone客户端,0,,
250楼,2018/4/22 7:48,我就是詹姆斯,确实没想到，但是鹈鹕真的强！鹈鹕总冠军！发自虎扑iPhone客户端,0,,
253楼,2018/4/22 7:48,送你一颗炸弹,替湖总冠军！发自虎扑iPhone客户端,0,,
254楼,2018/4/22 7:48,布鲁克林林林林,第一轮的假日哥的表现就是联盟第一后卫，攻防一体，不接受反驳！！！！鹈鹕总冠军发自虎扑iPhone客户端,0,,
255楼,2018/4/22 7:48,nowonderwhy,浓眉哥真强啊。。发自虎扑Android客户端,0,,
256楼,2018/4/22 7:48,罗罗罗罗斯,隆多牛逼霍勒迪牛逼戴维斯牛逼米罗蒂奇牛逼鹈鹕牛逼下克上完成横扫这只鹈鹕被低估了期待和勇士的对决（可惜cj一场好球啊 这个系列赛利指导完全迷失了啊）发自虎扑iPhone客户端,0,,
257楼,2018/4/22 7:48,帅到经历绝望,队史首次横扫对手，伟大的AD朱神双40大联手C多16助，恭喜鹈鹕晋级西部半决赛！吹起来！！！！！！！！发自手机虎扑 m.hupu.com,0,,
258楼,2018/4/22 7:48,270621647,我们完成了晋级，做到了横扫！！！浓眉、假日双40+！！！！鹈鹕总冠军！！,0,,
259楼,2018/4/22 7:48,wade819,鹈鹕真让人看到灌篮高手湘北的感觉……发自虎扑iPhone客户端,0,,
260楼,2018/4/22 7:48,hy5258023,惹不起惹不起发自手机虎扑 m.hupu.com,0,,
261楼,2018/4/22 7:48,高层有多高,浓眉真的强....拓荒可惜了追分那波没能延续下去,0,,
262楼,2018/4/22 7:48,wl9041,留名，见证历史发自虎扑Android客户端,0,,
263楼,2018/4/22 7:48,death0618,假日哥给你安排的明明白白的。。。发自虎扑iPhone客户端,0,,
264楼,2018/4/22 7:48,快船狮鹫,俩人砍四十！！！！发自手机虎扑 m.hupu.com,0,,
265楼,2018/4/22 7:48,菜鸡上虎扑学看球,神仙打架 第四节两边全开了怎么打怎么有 各种合理不合理全进38分CJ43分霍乐迪45分浓眉 恭喜鹈鹕,0,,
266楼,2018/4/22 7:48,请女友吃骨灰拌饭,这浓眉和朱哥完全就是CBA双外援的表现发自虎扑iPhone客户端,0,,
267楼,2018/4/22 7:48,你太善良丶,很多人都预测了4比0，可是没想到主角是鹈鹕！发自虎扑iPhone客户端,0,,
268楼,2018/4/22 7:48,无敌假摔大王子,赛前我们不被看好，然而我们用实力证明自己！鹈鹕总冠军！发自虎扑iPhone客户端,0,,
269楼,2018/4/22 7:48,tsscco,浓眉真真真牛X!!!!!!!!!!发自虎扑iPhone客户端,0,,
270楼,2018/4/22 7:48,山抹微云色,利拉德整个系列赛都没有拿出来一个当家球星应有的态度和气势，第四场第四节毫无斗志最后五分钟没出手吧。其他首发这场真的够意思了。鹈鹕现在是真的三巨头，真的强，三个人的感觉培养起来了。浓眉假日多指导，不知道能给勇士带来多少麻烦。最后鹈鹕总冠军！发自虎扑iPhone客户端,0,,
271楼,2018/4/22 7:48,张手日天库,季后赛霍勒迪，季后赛真是个神奇的舞台，产巨星，黑转路发自虎扑iPhone客户端,0,,
272楼,2018/4/22 7:48,BarrenWorld,这场还真的就输在利拉德这点，双方替补半斤八两，开拓者其他主力都站出来了发自虎扑iPhone客户端,0,,
273楼,2018/4/22 7:48,loolitaaaa,在一场飙分大战里，两对替补合砍18分。。发自虎扑Android客户端,0,,
274楼,2018/4/22 7:48,iloveyoukg,这是OK组合重现吗！发自虎扑iPhone客户端,0,,
275楼,2018/4/22 7:48,Airshowtime,真的横扫了，季后赛前我非常希望窝火首轮能避开鹈鹕，毕竟卡灯泡的不败金身是鹈鹕破的，现在看起来果然不假。隆多和假日的龙珠组合真是整整一轮摁着双枪，尤其是利指导，已经被打的怀疑人生了。鹈鹕，续约隆多不要犹豫，表妹合同到期了，先签后换或干脆裸签一个好侧翼，看好未来鹈鹕稳定在西部前三。顺便说一句，泡椒不错。发自虎扑Android客户端,0,,
276楼,2018/4/22 7:48,打个篮球抽根烟,啪啪打了所有人的脸发自虎扑iPhone客户端,0,,
277楼,2018/4/22 7:48,肯塔基三塔的故事,残暴的鹈鹕，，发自手机虎扑 m.hupu.com,0,,
278楼,2018/4/22 7:48,菊花包,鹈鹕总冠军发自虎扑iPhone客户端,0,,
279楼,2018/4/22 7:48,hoop与hupu,浓眉mvp假日给力剃胡总冠军！！发自虎扑iPhone客户端,0,,
280楼,2018/4/22 7:48,狂暴威少无敌,真的心疼cj，带不动利拉德了……神仙打架啊，鹈鹕两个40+，隆多牛逼发自虎扑iPhone客户端,0,,
282楼,2018/4/22 7:48,低手高抛,眉乐组合，然后对手就没了发自手机虎扑 m.hupu.com,0,,
283楼,2018/4/22 7:48,手套德拉,这个防守，米罗蒂奇防守这么牛，几乎不给利拉德进攻机会！发自虎扑Android客户端,0,,
284楼,2018/4/22 7:48,拙言行止,开拓者首发五人组，除了利指导其他人真是尽了力了，其实双枪中cj打的还算是可以的，没有太大的落差发自手机虎扑 m.hupu.com,0,,
285楼,2018/4/22 7:48,背对疾风,早上爬起来还看了一点比赛，这个系列赛霍勒迪是不是有点太强了，这状态好得像一个超巨，隆多第一节那几个助攻简直写意，篮下吸引两人防守，背传，我滴龟龟，隆教练威武，这个系列赛鹈鹕真牛逼发自虎扑iPhone客户端,0,,
286楼,2018/4/22 7:48,prettybattle,引用12楼 @丰Jason 发表的:7点爬起来看第四节比赛精彩到让我困意全无相比前几场，开拓者状态不错了只不过AD和霍乐迪太强了吧，两人得分40+加上隆多和米罗蒂奇，鹈鹕这是组…组了四巨头？PS.好多JR回复我考神还在替补席上坐着呢，我要改口了，等他回归后就是鹈鹕五虎还有个在场下发自手机虎扑 m.hupu.com,15,,
287楼,2018/4/22 7:48,沉默的猪头肉, 引用内容由于违规已被删除第一眼看成科比发自虎扑iPhone客户端,22,,
288楼,2018/4/22 7:48,九宫江少,霍乐迪，对不起！发自虎扑Android客户端,0,,
289楼,2018/4/22 7:48,BlackJohnnyL,如果考神季后赛能够复出打替补这阵容这状态都可以冲冠了画面太美假日牛逼，浓眉牛逼！！发自虎扑Android客户端,0,,
290楼,2018/4/22 7:48,做love嚼炫迈,戴维斯，霍勒迪，隆多厉害炸了！这轮系列赛利拉德应该把锅背起来吧！发自虎扑iPhone客户端,0,,
291楼,2018/4/22 7:48,小魔女学园,恭喜水鸟！假日哥nb!看了一整场包夹，不得不说真的心疼利指导发自虎扑iPhone客户端,0,,
292楼,2018/4/22 7:48,小阿澍,假日哥牛逼！！赛季初天天开会给激活了 发自虎扑iPhone客户端,0,,
293楼,2018/4/22 7:48,思来者,十年过去了！！！新奥尔良又进第二轮了！！！发自虎扑iPhone客户端,0,,
294楼,2018/4/22 7:48,PT1327,之前全体预测开拓者晋级下一轮的专家，感觉脸肿得不清啊。楼下谁上一张之前的预测图来看看。发自虎扑iPhone客户端,0,,
295楼,2018/4/22 7:48,他的膀胱,隆多假日这后场也是牛的不行啊，浓眉在内线又是巨无霸级别，库里不复出的话，鹈鹕有希望发自虎扑Android客户端,0,,
296楼,2018/4/22 7:48,jasonwuzt,预测一波鹈鹕进西决,0,,
297楼,2018/4/22 7:48,五天十八炮,利拉德球都不敢运了，真的失望发自虎扑iPhone客户端,0,,
298楼,2018/4/22 7:48,藿香正气口服液,通关，霍勒迪牛逼，戴维斯牛逼发自虎扑iPhone客户端,0,,
299楼,2018/4/22 7:48,阿伦3_艾弗森,看本场数据开拓者其他人基本都是正常发挥，只有一个失常，然而这个人是球队老大！发自手机虎扑 m.hupu.com,0,,
300楼,2018/4/22 7:48,小浣熊干脆面ljm,还是要说一下，常规赛两对2-2，赢得两场隆多都打了，输的两场都没打。所以说4-0并不意外，鹈鹕总冠军！发自虎扑iPhone客户端,0,,
301楼,2018/4/22 7:48,C__{多,外线砍分大闸，内线霸主，新奥尔良OK组合发自虎扑iPhone客户端,0,,
302楼,2018/4/22 7:48,lovetmac01,大西北，霍爹登基！发自虎扑Android客户端,0,,
303楼,2018/4/22 7:48,孙悟空和诸葛亮谁厉害,今天假日和浓眉哥打的特别自如，各种假动作过人强吃发自虎扑Android客户端,0,,
304楼,2018/4/22 7:48,诺式飘逸,努尔基奇下场后，镜头给了他好多次特写，感觉是强忍着泪水没哭出来。发自虎扑Android客户端,0,,
305楼,2018/4/22 7:48,mengdepeng,开拓者是真的让人失望发自虎扑Android客户端,0,,
306楼,2018/4/22 7:48,嘎哈嘎哈嘎哈,鹈鹕冠顶，剃胡总冠军，霍乐迪和浓眉是真牛逼，开拓者每次追到两三分，这两人立马还一个，给你希望又让你绝望发自虎扑Android客户端,0,,
308楼,2018/4/22 7:49,FearTheBeard1011,剃胡总冠军！ ,0,,
310楼,2018/4/22 7:49,突破爱好者,浓眉假日哥双40+隆指导再砍15+助攻谁会想到鹈鹕会是第一支挺进第二轮的球队！发自虎扑iPhone客户端,0,,
311楼,2018/4/22 7:49,未知小猪,去年季后赛隆多要是不伤，我是相信公牛能黑八的发自虎扑iPhone客户端,0,,
312楼,2018/4/22 7:49,Jahco,引用251楼 @火力要全开 发表的:浓眉季后赛新高值得吹，你假日哥存在感爆棚，但我仍然要吹一波朗指导！！今儿16个助攻2个失误！外加7分7板加场上教练buff！不算今天这场，季后赛场均12.7分+12.3助攻+7.7篮板！！多指导牛批――“你看我挪唬俊蔽揖椭道有这个表情！发自虎扑iPhone客户端,2,,
313楼,2018/4/22 7:49,zhidongni,不得了，不得了……看得我一阵心塞……心疼cj和利拉德被打出阴影的系列赛发自虎扑iPhone客户端,0,,
314楼,2018/4/22 7:49,好大一颗球,感觉利指导被防的心气都没了，这场比赛打的不像是我以前认识的利指导，希望下赛季继续努力。发自虎扑iPhone客户端,0,,
315楼,2018/4/22 7:49,noasdlh,"its crazy,鹈鹕这个系列赛完全碾压开拓者,疯狂的季后赛！发自手机虎扑 m.hupu.com",0,,
316楼,2018/4/22 7:49,追帽,谁也别想阻止我放假----------霍乐迪holiday,0,,
317楼,2018/4/22 7:49,wangzhelg,鹈鹕要是提升替补实力就真可以争冠了 现在给主力容错率还是比较低发自虎扑iPhone客户端,0,,
319楼,2018/4/22 7:49,黑胡椒传奇,鹈鹕真是闷声发大财，表妹伤了，以为季后赛又无望了，结果轻松闯入第二轮。。。,0,,
320楼,2018/4/22 7:49,绿色的橙子,鹈鹕总冠军！！！假日和AD简直新时代的ok啊！2020，等一个大帝vs浓眉发自虎扑iPhone客户端,0,,
321楼,2018/4/22 7:49,只为成就你,双枪的英雄球在季后赛是走不远的！,0,,
322楼,2018/4/22 7:49,一点绿在心,恭喜鹈鹕，恭喜我多！下克上4:0！不过这两个队一个共同的特点，替补很弱，所以打勇士估计轮转阵容会被吃，不过应该可以啃下一两场感觉发自虎扑iPhone客户端,0,,
323楼,2018/4/22 7:49,看尽洛阳花,这是，dame time那块手表？季后赛就妹走过字儿！发自虎扑iPhone客户端,0,,
324楼,2018/4/22 7:49,zhangweityougi,意外，恭喜鹈鹕！！！！发自虎扑Android客户端,0,,
325楼,2018/4/22 7:49,flaming月,利拉德应该需要对自己的心态进行调整，一时发飙是不能持久的啊。发自虎扑iPhone客户端,0,,
326楼,2018/4/22 7:49,安全粗口,鹈鹕牛逼！热泪盈眶啊发自虎扑iPhone客户端,0,,
327楼,2018/4/22 7:49,傻大奥尼尔,鹕人总冠军！发自手机虎扑 m.hupu.com,0,,
329楼,2018/4/22 7:49,忆摸鱼儿,隆指导牛叉发自虎扑iPhone客户端,0,,
330楼,2018/4/22 7:49,我詹我罗,浓眉：原来横扫是这种感觉发自虎扑iPhone客户端,0,,
331楼,2018/4/22 7:49,菊花包,替胡总冠军发自虎扑iPhone客户端,0,,
332楼,2018/4/22 7:49,整天借瓤,替湖总冠军！剃胡总冠军！发自虎扑Android客户端,0,,
333楼,2018/4/22 7:49,文乐金刀,利拉德解决不了被包夹的问题这场cj顶上控卫，真的不错了。利指导背锅吧发自虎扑Android客户端,0,,
334楼,2018/4/22 7:49,陈明子1234,今天比赛的最大功劳是霍勒迪和浓眉哥，尊重一下霍勒迪和摩尔。不是隆多。隆吹消停点吧发自虎扑Android客户端,0,,
335楼,2018/4/22 7:49,非常之所以,假日哥牛B。发自手机虎扑 m.hupu.com,0,,
336楼,2018/4/22 7:49,爱着拉司机,看不到利拉德想赢球的心气～没有心气，啥都没有～发自虎扑Android客户端,0,,
337楼,2018/4/22 7:49,万事屋曲桑,赛前还别说横扫了觉得水鸟能赢的都少。。发自虎扑iPhone客户端,0,,
338楼,2018/4/22 7:49,庸人yh,神仙打架，高达打架，45+10   ADMVP发自手机虎扑 m.hupu.com,0,,
339楼,2018/4/22 7:49,老詹的前男友,"引用2楼 @凯尔特加油 发表的:第一支晋级第二轮的球队，成功团灭ESPN预测团!恭喜鹈鹕!浓眉和霍哥俩人各40+，各自职业生涯季后赛得分新高!恭喜！多多又准三双，差评!另外开拓者有点惨啊，季后赛10连败了。打了所有砖家的脸!""所有""发自虎扑Android客户端",22,,
340楼,2018/4/22 7:49,你的她含过我的它c,利拉德心气那么高的人，在这个系列赛也被摩擦的怀疑人生了，想成为超巨还有很长的路要走。发自虎扑Android客户端,0,,
342楼,2018/4/22 7:49,还来又菊花,霍师傅牛逼。发自虎扑iPhone客户端,0,,
343楼,2018/4/22 7:49,Sasuzhe,就问你服不服！！！发自虎扑iPhone客户端,0,,
344楼,2018/4/22 7:50,依旧绿衫军,朗多上一次二轮我还是葬爱家族一员发自虎扑Android客户端,0,,
345楼,2018/4/22 7:50,Lou1s_Rock,恭喜鹈鹕，浓眉哥，假日哥，朗指导，二轮肯定会更精彩。鹈鹕总冠军！发自虎扑iPhone客户端,0,,
346楼,2018/4/22 7:50,龙龙虎虎,这季后赛的开拓者有点11年打小牛的感觉，那年阿德挡不住诺天王，致使诺天王在整个季后赛里暴走，今年他么开拓者是培养了整个鹈鹕的手感发自虎扑Android客户端,0,,
347楼,2018/4/22 7:50,德怀恩韦德的,鹈鹕总冠军,0,,
348楼,2018/4/22 7:50,托尼阿伦乔金诺阿,我听听你在讲什么战术？切，这战术还来和我玩？纯tx发自手机虎扑 m.hupu.com,1,,
349楼,2018/4/22 7:50,莲蓬清清水上漂,又是一场看数据你猜不到哪个是得分的隆多式数据发自虎扑iPhone客户端,0,,
350楼,2018/4/22 7:50,周董最大,没想到最早晋级的是以下克上……发自虎扑Android客户端,0,,
351楼,2018/4/22 7:50,纽奥尔良Proad,话不多说，鼓个掌水鸟加油！发自手机虎扑 m.hupu.com,0,,
352楼,2018/4/22 7:50,ISSIZadam,隆指导给这支队伍带来了不同的感觉，AD牛逼！！鹈鹕总冠军！！发自虎扑iPhone客户端,0,,
353楼,2018/4/22 7:50,中了双色球,鹈鹕居然是第一支晋级第二轮的球队，想不到啊想不到。发自虎扑Android客户端,0,,
354楼,2018/4/22 7:50,15380333350,二轮将会是剃须刀和面包机的对决发自虎扑iPhone客户端,0,,
355楼,2018/4/22 7:50,欧文Revenge,鹈鹕总冠军！发自虎扑Android客户端,0,,
356楼,2018/4/22 7:50,专门吃大帝,利拉德最后几分钟毫无存在感啊。。。揪心，夏天苦练吧发自虎扑Android客户端,0,,
357楼,2018/4/22 7:50,渣科的斗志,没想到啊，霍勒迪飙利拉德能打成这样...太久没看鹈鹕了希望隆多霍勒迪，这类似一防后场阵容，能给勇士后场打出不一样的感觉。那就有意思了发自手机虎扑 m.hupu.com,0,,
358楼,2018/4/22 7:50,hupu老球迷,假日哥再多给你安排明白一场发自虎扑iPhone客户端,0,,
360楼,2018/4/22 7:50,谭睿杰,隆眉度假日鹈鹕总冠军发自虎扑Android客户端,0,,
362楼,2018/4/22 7:50,微薇一笑,隆指导牛逼，假日哥牛逼，浓眉牛逼。吹的好累！！发自虎扑iPhone客户端,0,,
363楼,2018/4/22 7:50,6号詹不攻,鹈鹕总冠军！打了所有专家的脸发自虎扑iPhone客户端,0,,
364楼,2018/4/22 7:50,暴力神龟乔丹哥,隆指导给你安排明明白儿白儿的！发自虎扑Android客户端,0,,
365楼,2018/4/22 7:50,Gjw2315,ESPN砖家  名不虚传发自虎扑Android客户端,0,,
366楼,2018/4/22 7:50,两百斤的安东尼,利拉德啊利拉德...发自虎扑Android客户端,0,,
367楼,2018/4/22 7:50,雷阿伦逆天,发自虎扑Android客户端,1,,
368楼,2018/4/22 7:50,文华刘德华,利指导回去换块表吧去年买的表真的不好用了发自手机虎扑 m.hupu.com,0,,
369楼,2018/4/22 7:50,丶去去就来,季后赛双人40+之前有过吗发自虎扑iPhone客户端,0,,
370楼,2018/4/22 7:50,PG96,美滋滋发自虎扑Android客户端,0,,
371楼,2018/4/22 7:50,怀里佳人睡,假日哥给开拓者全队放假！发自手机虎扑 m.hupu.com,1,,
372楼,2018/4/22 7:50,MichaelMD,去年的剧本，换了主演，今年终于演完了！恭喜鹈鹕！恭喜隆多！发自虎扑Android客户端,0,,
373楼,2018/4/22 7:50,过了半场就丢球,恭喜鹈鹕，总冠军!发自虎扑Android客户端,0,,
374楼,2018/4/22 7:50,jiazidaren,群主没了。。发自虎扑Android客户端,0,,
375楼,2018/4/22 7:50,nggydxwyy,王炸组合重现江湖。。。发自虎扑iPhone客户端,0,,
376楼,2018/4/22 7:50,无敌假摔大王子,赛前我们不被看好，然而我们用实力证明自己！鹈鹕总冠军！发自虎扑iPhone客户端,0,,
377楼,2018/4/22 7:50,我想买双破鞋,利指导手表没电了吗发自虎扑Android客户端,0,,
379楼,2018/4/22 7:50,库同学投三分,今天的真正的双枪或许要用来形容鹈鹕！！麦科勒姆40加难敌双管40加啊！！发自虎扑Android客户端,0,,
380楼,2018/4/22 7:50,元气满满的酸菜鱼,别人都是投篮杀死比赛，浓眉是封盖杀死比赛。。。ESPN那群人不考虑日风扇吗？发自手机虎扑 m.hupu.com,0,,
381楼,2018/4/22 7:50,Melo雷帝,首发只有7分的，自己检讨一下发自虎扑Android客户端,0,,
382楼,2018/4/22 7:50,斯蒂芬屁里,从儿子诞生的那一刻起 利拉德就再也没有了曼巴精神发自虎扑iPhone客户端,0,,
383楼,2018/4/22 7:50,solodee,阿多牛逼，双枪牛逼，发自虎扑iPhone客户端,0,,
385楼,2018/4/22 7:50,小攒帅,这是系列赛之前谁也没有想到的结果……发自虎扑iPhone客户端,0,,
386楼,2018/4/22 7:50,DK杜书包,剃鹕总冠军 这打的真的太牛逼了发自虎扑Android客户端,0,,
387楼,2018/4/22 7:50,石小傲,以下犯上，社会社会…发自虎扑iPhone客户端,0,,
388楼,2018/4/22 7:50,亚都亚都,鹈鹕总冠军！发自虎扑Android客户端,0,,
389楼,2018/4/22 7:50,锦三波,鹈鹕要搞事情啊突然开窍了，AD＋隆指导牛皮！发自虎扑Android客户端,0,,
390楼,2018/4/22 7:50,江阴梁朝伟,戴维斯牛逼霍乐迪牛逼隆多牛逼米罗蒂奇牛逼鹈鹕总冠军！！！发自虎扑Android客户端,0,,
391楼,2018/4/22 7:50,下一年的选秀状元,开会了开会了发自虎扑iPhone客户端,0,,
392楼,2018/4/22 7:50,lyjc90,鹈鹕总冠军！！！！！发自虎扑Android客户端,0,,
393楼,2018/4/22 7:51,热域冰封,这……简直是OK组合配上巅峰隆多啊，到后面咬比分的时候有点不讲理了……真的强发自虎扑Android客户端,0,,
394楼,2018/4/22 7:50,威金斯的运球啊,好了，那些说去年多多不能黑八的人可以歇停歇停了。。。发自虎扑iPhone客户端,0,,
396楼,2018/4/22 7:51,关山月下,整个开拓者除了利指导都尽力了……发自虎扑iPhone客户端,0,,
397楼,2018/4/22 7:51,lucastony,可怜利拉德四场比赛都没有能爆一场估计现在捶地的心都有唉 明年继续加油吧发自虎扑iPhone客户端,0,,
398楼,2018/4/22 7:51,步行街街道办妇女主任,发自虎扑Android客户端,5,,
399楼,2018/4/22 7:51,胡歌Hugh,引用8楼 @东风乱舞 发表的:同场40+，整个系列赛浓眉和霍勒迪命中率在55%以上合砍60+，这就是传说中的OK组合吧？还有系列赛55%命中率拿18分的米罗蒂奇和13+助攻的朗多除了鹈鹕总冠军不知道还能说啥了！季后赛同队两个40+，印象里上一次还是总决赛老詹和欧文吧！！！浓眉依旧攻防两端存在感十足，假日哥除去失误和不太好的三分手感，简直完美表现，隆多指导组织好依旧稳如狗发自虎扑Android客户端,559,,
400楼,2018/4/22 7:51,Strengthd丶,利指导好好反思，来年再来！杀不死你的，终将使你更加强大！This is something bigger than us!发自虎扑Android客户端,0,,
401楼,2018/4/22 7:51,拉轰D昵称,利智导是关键时刻球员，确不是大场面球员啊，继续裤链吧。发自虎扑Android客户端,0,,
402楼,2018/4/22 7:51,razwjsc2012,开拓者，今年季后赛第一支被淘汰出局的球队。发自虎扑Android客户端,0,,
404楼,2018/4/22 7:51,6.00E+05, 引用内容由于违规已被删除戴维斯47假日哥41隆多16助，我还能说什么鹈鹕总冠军发自虎扑iPhone客户端,8,,
405楼,2018/4/22 7:51,我打过洋炮,利执导这是又一次经历超高季后赛强度哈哈之前两年的勇士对攻大队让利执导误解了季后赛的防守强度呀回去苦练明年再来发自虎扑iPhone客户端,0,,
406楼,2018/4/22 7:51,nis330,黑6+横扫，66666666。假日，浓眉合砍88分，疟！发自虎扑Android客户端,0,,
407楼,2018/4/22 7:51,whipper87,大家有没有发现这场直播的主持真的非常棒，赛后的点评都说到点子上了，不嘴炮，针对球队做出篮球的点评。发自虎扑iPhone客户端,1,,
408楼,2018/4/22 7:51,队长给我球啊,利拉德上限可能到了。发自虎扑iPhone客户端,0,,
409楼,2018/4/22 7:51,goback211,鹈三巨头 三个全明星发自虎扑Android客户端,0,,
410楼,2018/4/22 7:51,进击的果子,真的是厉害……真的是打死我也没想到第一个以下犯上的是水鸟 还是4-0……健康的浓眉真是强另外。。第一场比赛之后我就在说“霍勒迪对不起” 看来要一直说下去了鹕人总冠军！发自虎扑iPhone客户端,0,,
411楼,2018/4/22 7:51,远在天边的路, 引用内容由于违规已被删除替湖总冠军！！！无库勇士跟鹈鹕有的打啊发自虎扑iPhone客户端,9,,
413楼,2018/4/22 7:51,JasonKwan,双枪该留谁一目了然啊发自虎扑Android客户端,0,,
414楼,2018/4/22 7:51,大江游,开拓者丢脸丢大发了，被下克上也就罢了，还是被横扫，虚有其表……发自手机虎扑 m.hupu.com,0,,
415楼,2018/4/22 7:51,藿香正气口服液,引用8楼 @东风乱舞 发表的:同场40+，整个系列赛浓眉和霍勒迪命中率在55%以上合砍60+，这就是传说中的OK组合吧？还有系列赛55%命中率拿18分的米罗蒂奇和13+助攻的朗多除了鹈鹕总冠军不知道还能说啥了！鹕人总冠军，替湖总冠军，on Kickstarter发自虎扑iPhone客户端,292,,
416楼,2018/4/22 7:51,莫斯科之狼,紧密围绕在以隆指导为核心的球队集体中间，始终坚持隆指导季后赛指导方向不动摇，深化改革，建立隆指导特色的现代化球队管理思想，努力实现鹈鹕的伟大复兴，夺取总冠军发自虎扑Android客户端,1,,
417楼,2018/4/22 7:51,不忘初心一直追,引用8楼 @东风乱舞 发表的:同场40+，整个系列赛浓眉和霍勒迪命中率在55%以上合砍60+，这就是传说中的OK组合吧？还有系列赛55%命中率拿18分的米罗蒂奇和13+助攻的朗多除了鹈鹕总冠军不知道还能说啥了！让我想到总决老詹和欧文太强了实在是发自虎扑Android客户端,42,,
418楼,2018/4/22 7:51,LeryMe,季后赛假日哥，真的是巨星水准呀发自虎扑Android客户端,0,,
419楼,2018/4/22 7:51,crazyzz1,双四十，我的天这只鹈鹕的首发也太强了发自虎扑Android客户端,0,,
420楼,2018/4/22 7:51,丶去去就来, 引用内容由于违规已被删除四场比赛 17 18 19 20发自虎扑iPhone客户端,5,,
421楼,2018/4/22 7:51,虎小月, 引用内容由于违规已被删除别这样，整个季后赛也不过四场……发自虎扑iPhone客户端,3,,
422楼,2018/4/22 7:51,来来来起飞,引用369楼 @丶去去就来 发表的:季后赛双人40+之前有过吗詹欧总决赛双41了解一下发自虎扑Android客户端,0,,
423楼,2018/4/22 7:51,ayugogo,鹈鹕两变态！发自虎扑iPhone客户端,0,,
425楼,2018/4/22 7:51,那堪楚天阔,超级期待鹈鹕和勇士的pk啊，感觉会很精彩发自虎扑iPhone客户端,0,,
426楼,2018/4/22 7:51,零六年的韦德,Cj尽力了...发自虎扑Android客户端,0,,
427楼,2018/4/22 7:51,杰森托德,一两年前，在下质疑霍勒迪是个水货全明星，质疑戴维斯是个被高估的常规赛超巨……半年前，在下质疑鹈鹕可能打不进季后赛，特别是考辛斯受伤的时候……如今真是被啪啪啪打脸啊。第二轮大概率打勇士，看看勇士内线能不能禁得起戴维斯轰炸吧发自手机虎扑 m.hupu.com,0,,
428楼,2018/4/22 7:51,为人di调,谁能想到鹈鹕是第一支过第一轮的球队。。。发自虎扑iPhone客户端,0,,
429楼,2018/4/22 7:51,泰勒普德2333,浓眉上场时间比詹姆斯还少，保证浓眉有足够的体力发自虎扑iPhone客户端,0,,
431楼,2018/4/22 7:51,史蒂夫科瑞, 引用内容由于违规已被删除不愧为第一个90后全明星发自虎扑Android客户端,3,,
432楼,2018/4/22 7:51,二院羊,鹈鹕nb    发自虎扑iPhone客户端,0,,
433楼,2018/4/22 7:51,字典哥,浓眉天神下凡，分得的都不容易，季后赛真的拼！发自虎扑Android客户端,0,,
434楼,2018/4/22 7:51,甜瓜cp3哈登王炸,麦科勒姆尽力了。这个系列赛鹈鹕真的强！好好跟勇士掰掰手腕。利指导感觉要易主了。我本来希望你有罗伊的心气和硬度，然而你没有！明年再来吧。替 胡牛x发自虎扑iPhone客户端,0,,
435楼,2018/4/22 7:51,鹰隼展翼战车,霍勒迪和戴维斯和砍88分，隆多助攻比开扩者全队都多。发自虎扑iPhone客户端,0,,
437楼,2018/4/22 7:51,Heres, 引用内容由于违规已被删除最后时刻你开拓者想反超想站着死我浓眉霍哥俩人给你摁地上！发自虎扑Android客户端,5,,
438楼,2018/4/22 7:51,Midleton, 引用内容可能违规暂时被隐藏上一个这么辣鸡的，是老司机。。。。发自虎扑Android客户端,4,,
439楼,2018/4/22 7:51,坦克飞,留名留名，太高兴了！,0,,
443楼,2018/4/22 7:52,邹小春,鹕人总冠军发自虎扑iPhone客户端,0,,
444楼,2018/4/22 7:52,只有敬亭山,引用2楼 @凯尔特加油 发表的:第一支晋级第二轮的球队，成功团灭ESPN预测团!恭喜鹈鹕!浓眉和霍哥俩人各40+，各自职业生涯季后赛得分新高!恭喜！多多又准三双，差评!另外开拓者有点惨啊，季后赛10连败了。这个脸打得啪啪啪啪啪啪啪啪啪啪啪啪啪啪啪啪啪啪啪啪啪啪啪响啊发自虎扑iPhone客户端,13,,
446楼,2018/4/22 7:52,锦三波,引用369楼 @丶去去就来 发表的:季后赛双人40+之前有过吗总决赛詹姆斯欧文双40+了解一下！发自虎扑Android客户端,0,,
447楼,2018/4/22 7:52,love3559,替湖总冠军！！发自虎扑iPhone客户端,0,,
448楼,2018/4/22 7:52,托马斯是篮板王,引用7楼 @超级神登 发表的:有谁还记得那位信誓旦旦的裸奔兄弟呢？你在哪？估计在华科裸奔呢发自虎扑Android客户端,28,,
449楼,2018/4/22 7:52,一品家木门,隆多啊，终于回归了。发自虎扑Android客户端,0,,
450楼,2018/4/22 7:52,奥克兰的海湾大桥,竞技体育的魅力所在。发自虎扑iPhone客户端,0,,
451楼,2018/4/22 7:52,清江源,第四场就像斗地主的残局，鹈鹕剩个王炸，开拓者则剩四张2带个赖子，只是万万没想到，利拉德会是那张赖子牌，你要是变成一张2，按我们斗地主的规则，五张2可炸双王，但是只变成了一张J，那只能被王炸了发自虎扑Android客户端,0,,
453楼,2018/4/22 7:52,想罪了,其实利拉德打铁的比赛真的不少发自虎扑Android客户端,0,,
454楼,2018/4/22 7:52,恩比德生涯七冠,惹不起惹不起发自虎扑Android客户端,0,,
455楼,2018/4/22 7:52,库晶夫C,谁TM说这只鹈鹕是第二轮最弱的球队的？浓眉哥假日哥双核+教练隆指导强的一逼！发自虎扑Android客户端,0,,
456楼,2018/4/22 7:52,Rhm120,勇士会有麻烦了，隆多+霍勒迪的后场组合再加上AD的内线协防把开拓者双枪整的极其难受，水花下一轮在进攻端也不会太好过发自虎扑iPhone客户端,0,,
457楼,2018/4/22 7:52,上的风格和健,开赛之初预测这两个球队谁赢谁输是很困难的，只是开拓者多一些季后赛经验，但是总是觉得抢七大战是很有可能的，没想到干净利落的横扫。,0,,
458楼,2018/4/22 7:52,爱jeremy7,向王子阿米奴致敬！发自虎扑iPhone客户端,0,,
459楼,2018/4/22 7:52,青_萤,引用7楼 @超级神登 发表的:有谁还记得那位信誓旦旦的裸奔兄弟呢？你在哪？哥，那人是我同学，那条回复是他朋友整他的。。。。发自虎扑Android客户端,404,,
460楼,2018/4/22 7:52,iamandyf, 引用内容由于违规已被删除一分钟被点亮八次，这种广告还带自动点亮？发自虎扑iPhone客户端,0,,
461楼,2018/4/22 7:52,Sheares27, 引用内容由于违规已被删除真.季后赛大腿隆多发自虎扑iPhone客户端,1,,
462楼,2018/4/22 7:52,shaohuo304,我是来静静地看你们吹四巨头的发自虎扑Android客户端,0,,
463楼,2018/4/22 7:52,胡歌Hugh, 引用内容由于违规已被删除不是我说，阿米努这场打的都比利拉德好发自虎扑Android客户端,1,,
464楼,2018/4/22 7:52,克城玫瑰l,华中科技大学的裸奔的同学你还好吗发自虎扑Android客户端,2,,
466楼,2018/4/22 7:52,LemonPapa,真没想到第一个进次轮的是鹈鹕，虽然这根赛程安排也有关系。但是谁能想到？恭喜鹈鹕横扫小开，继续，不要停。把勇士也干翻了吧！发自虎扑iPhone客户端,0,,
467楼,2018/4/22 7:52,cfyushijujin,当你的球队老大在场上没有任何存在感，你真是很难赢球…季后赛消失的利指导…发自虎扑Android客户端,0,,
468楼,2018/4/22 7:52,火箭08年开始,鹈鹕这是生生的凿下这一场比赛，cj无力回天值得尊敬，下半场就靠他和阿米努打，努尔基奇也6罚下场，就是不知道利指导这个系列赛这么迷，或许这就是巨星和全明星的差距吧发自虎扑iPhone客户端,0,,
469楼,2018/4/22 7:52,丰Jason,引用286楼 @prettybattle 发表的:还有个在场下考神复出，鹈鹕怕是要起飞发自虎扑iPhone客户端,0,,
470楼,2018/4/22 7:52,因为浪漫, 引用内容由于违规已被删除霍乐帝。。。。发自虎扑iPhone客户端,0,,
471楼,2018/4/22 7:52,sytfdamao,这比赛真好看，但我觉得以后利拉德先生入不了全明星，不要再跟别人欠你什么似的了……发自虎扑iPhone客户端,0,,
473楼,2018/4/22 7:52,来个三连冠玩玩,引用2楼 @凯尔特加油 发表的:第一支晋级第二轮的球队，成功团灭ESPN预测团!恭喜鹈鹕!浓眉和霍哥俩人各40+，各自职业生涯季后赛得分新高!恭喜！多多又准三双，差评!另外开拓者有点惨啊，季后赛10连败了。多多：你再说一遍？   tx发自虎扑iPhone客户端,33,,
474楼,2018/4/22 7:52,0.5华迷,这样打砖家的… 不好吧！发自手机虎扑 m.hupu.com,0,,
475楼,2018/4/22 7:52,8号特工,引用5楼 @丁洋球 发表的:恭喜鹈鹕成为季后赛首轮第一支出线的队伍！鹈鹕总冠军！这图配的 …真想给你个么么哒    txtx发自虎扑Android客户端,0,,
476楼,2018/4/22 7:52,amer,引用398楼 @步行街街道办妇女主任 发表的:主任太有才了 ,0,,
477楼,2018/4/22 7:52,皮二爷獭兔, 引用内容由于违规已被删除假球？我觉得他是真滴不行。发自虎扑Android客户端,7,,
478楼,2018/4/22 7:53,欧巴塞拉嘿呦,引用398楼 @步行街街道办妇女主任 发表的:鹈鹕！  你这是醍醐灌顶……发自虎扑Android客户端,0,,
479楼,2018/4/22 7:53,牵着兔子逛窑子,利指导的这轮季后赛打的真迷啊，发挥彻底失常……发自虎扑iPhone客户端,0,,
480楼,2018/4/22 7:53,7399634,下一轮有意思了！季后赛最大黑马！发自手机虎扑 m.hupu.com,0,,
481楼,2018/4/22 7:53,贾森_威廉姆斯,赛后，朗指导喊到，小金，小金啊，你去哪了？小金屁颠屁颠过来： 爸爸我在这呢。。有事吗？朗指导：没事，没事。。。。。发自虎扑iPhone客户端,0,,
483楼,2018/4/22 7:53,小爷丶不怂, 引用内容由于违规已被删除是啊，说实话我觉得都给麦科勒姆打都不一定输的这么惨发自虎扑Android客户端,7,,
484楼,2018/4/22 7:53,syKIngDoMz, 引用内容由于违规已被删除最后四分钟简直在梦游。。发自虎扑Android客户端,2,,
485楼,2018/4/22 7:53,only3mia,当时2:0跟朋友说的  发自虎扑iPhone客户端,0,,
486楼,2018/4/22 7:53,王小明他爸爸,引用421楼 @虎小月 发表的:别这样，整个季后赛也不过四场……4场打成这样。难道还不能说?发自虎扑Android客户端,0,,
487楼,2018/4/22 7:53,飘逸者飘逸, 引用内容由于违规已被删除大兄弟快醒醒发自虎扑iPhone客户端,2,,
488楼,2018/4/22 7:53,淡定飘过,看了这数据，只有一句鹈鹕总冠军送上发自虎扑Android客户端,0,,
489楼,2018/4/22 7:53,科比比恩布莱恩特c, 引用内容由于违规已被删除也不能说坑吧      被霍乐迪全面压制了季后赛是检验巨星能力的时刻   利指导还需努力啊发自虎扑iPhone客户端,1,,
490楼,2018/4/22 7:53,lbj玩小jj,打得不好就各种酸，利拉德加油下赛季打脸。发自虎扑iPhone客户端,1,,
491楼,2018/4/22 7:53,小路路路路,早知道最后一场不赢了！说不定打常规赛四杀的球队不是这个结果！说来都是命！对利指导挺失望的！常规赛各种神仙球不见了！打卧虎那个横啊！气死我了发自手机虎扑 m.hupu.com,0,,
492楼,2018/4/22 7:53,8号埃利斯,引用8楼 @东风乱舞 发表的:同场40+，整个系列赛浓眉和霍勒迪命中率在55%以上合砍60+，这就是传说中的OK组合吧？还有系列赛55%命中率拿18分的米罗蒂奇和13+助攻的朗多除了鹈鹕总冠军不知道还能说啥了！是AJ组合…字数发自虎扑iPhone客户端,34,,
493楼,2018/4/22 7:53,舒大侠, 引用内容由于违规已被删除打铁，失误，超鬼，心疼一波CJ。发自虎扑Android客户端,0,,
495楼,2018/4/22 7:53,airjordansen,我是说假如鹈鹕没有进西决，那么开拓者一定是今年最让人失望的季后赛球队！发自虎扑iPhone客户端,0,,
496楼,2018/4/22 7:53,使用虎扑五年注册账号,开拓者这赛季能够看到球队的上限在那里。管理层需要进行大刀阔斧的改造，利拉德可能又要经历像当年的开拓者五虎一样的奔走各城的尴尬局面了，正所谓不破不立。利指导还需要成长，未来的路还很长！发自虎扑iPhone客户端,0,,
498楼,2018/4/22 7:53,我是小懒虫,假日哥，对不起！发自虎扑Android客户端,0,,
499楼,2018/4/22 7:53,火光冲天, 引用内容由于违规已被删除破不了包夹啊，浓眉补防太强了发自虎扑iPhone客户端,0,,
500楼,2018/4/22 7:53,MyHoopFoshan,剃胡也是总冠军狼指导完成去年在公牛的未尽事业双四十发自手机虎扑 m.hupu.com,0,,
501楼,2018/4/22 7:53,人参love鹿茸,利拉德的上限决定了开拓者的上限发自虎扑iPhone客户端,0,,
503楼,2018/4/22 7:53,一品家木门,引用2楼 @凯尔特加油 发表的:第一支晋级第二轮的球队，成功团灭ESPN预测团!恭喜鹈鹕!浓眉和霍哥俩人各40+，各自职业生涯季后赛得分新高!恭喜！多多又准三双，差评!另外开拓者有点惨啊，季后赛10连败了。感觉那些篮球专家和咱们球迷差不多啊。发自虎扑Android客户端,19,,
504楼,2018/4/22 7:53,诸葛真亮,霍勒迪美中不足的是隆多休息他控球时几个失误辣眼睛，差点被追平。。。发自手机虎扑 m.hupu.com,0,,
505楼,2018/4/22 7:53,上古神兽5,这支球队让我想起了1995赛季的休斯敦火箭。那个赛季结束火箭仅取得47胜35负的战绩，位列西部第六，当绝大多数人对这支卫冕冠军感到悲观的时候，这支火箭在超级内线的领导下开始演绎属于自己的神话表现。在西部季后赛连续战胜60胜的爵士【常规赛联盟第二】，59胜的太阳【常规赛联盟第三】和62胜拥有新科MVP大卫罗宾逊的马刺【常规赛联盟第一】，并最终在总决赛中4-0横扫了57胜【东区榜首】的奥兰多魔术队。发自手机虎扑 m.hupu.com,0,,
506楼,2018/4/22 7:54,牧者,浓眉：听说我季后赛场均只有30.1分了？不行，得赶紧刷一下，要不然哪天一不留神就掉到30以下了。发自虎扑Android客户端,0,,
507楼,2018/4/22 7:54,我詹我罗,浓眉：原来横扫是这种感觉发自虎扑iPhone客户端,0,,
508楼,2018/4/22 7:54,梨晓远,夏天先不管别的续约隆多。。。这进攻梳理能力、解放假日变身攻击状态、场上教练、做饼能力都是鹈鹕需要的。,0,,
509楼,2018/4/22 7:54,现役之王是条汪,有多少人是能预测4:0鹈鹕赢的，下一轮又是鹈鹕打勇士，有看点发自虎扑Android客户端,0,,
510楼,2018/4/22 7:54,荣骁,引用8楼 @东风乱舞 发表的:同场40+，整个系列赛浓眉和霍勒迪命中率在55%以上合砍60+，这就是传说中的OK组合吧？还有系列赛55%命中率拿18分的米罗蒂奇和13+助攻的朗多除了鹈鹕总冠军不知道还能说啥了！这命中率太抬举OK组合的K了下辈子都不可能有发自虎扑Android客户端,35,,
511楼,2018/4/22 7:54,求你所爱,成功打脸了发自虎扑Android客户端,1,,
512楼,2018/4/22 7:54,绿帽王宝强,这开拓者就不能替勇士挡一档吗？库里提早复出，对他总决赛不利啊。。。。。感觉是一六年翻版。提前复出》总决不力》我骑总冠军。哈哈发自虎扑Android客户端,0,,
513楼,2018/4/22 7:54,狼多特无迪,下场刚勇士，期待隆指导与库里的攻防对决！发自虎扑Android客户端,0,,
514楼,2018/4/22 7:54,御风之舞,多教练：鹈鹕总冠军～发自虎扑iPhone客户端,1,,
516楼,2018/4/22 7:54,tianzl,隆指导不停的在AD和假日耳边bibi：你要得50分，你要得40分，于是.......AD还是没达到隆指导的要求,0,,
517楼,2018/4/22 7:54,干净的球风,我勇瑟瑟发抖     ,0,,
518楼,2018/4/22 7:54,铁扇公主的老公,霍老师被骂了一整个常规赛啊！发自手机虎扑 m.hupu.com,0,,
519楼,2018/4/22 7:54,庄神与骚文,双四十  哈哈  真带劲发自虎扑Android客户端,0,,
521楼,2018/4/22 7:54,未来之展望,那么问题来了：现在在开拓者阵中的球员，还有几个能留到下赛季呢？今年夏天开拓者的管理层要忙活一阵子了。发自虎扑Android客户端,0,,
523楼,2018/4/22 7:54,胡徐榕,太社会了，简直是为所欲为…鹕人总冠军！发自虎扑Android客户端,1,,
524楼,2018/4/22 7:54,茶山刘罗伯森,记得espn预测这轮系列赛开拓者晋级，没有一人看好鹈鹕发自虎扑iPhone客户端,0,,
525楼,2018/4/22 7:54,Kyle11555,鹈鹕总冠军？？ 论控球中锋的重要性！考辛斯：我还没打过季后赛怎么就有戒指了发自虎扑iPhone客户端,0,,
526楼,2018/4/22 7:54,13颗纳米, 引用内容由于违规已被删除反手一个举报带走，不送发自虎扑iPhone客户端,0,,
527楼,2018/4/22 7:54,故乡拾秋,开拓者输在几个点：后场太矮了，完全被针对了。替补深度太差。没有巨星关键时刻的攻坚能力。过去的两年，开拓者管理层完全把空间锁死了，一千万的球员看饮水机。这个夏天，我觉得这个队要做的事情太多，续约，换血阵容等等。,0,,
528楼,2018/4/22 7:54,螳螂大仙,这轮系列赛虽然说是4-0，但打得真心好看！发自虎扑iPhone客户端,0,,
529楼,2018/4/22 7:54,yuoyi,利指导让人比较失望,0,,
530楼,2018/4/22 7:54,女神的回眸,引用17楼 @灯泡最牛 发表的:经过一段时间的蛰伏，利拉德即将发布他的新专辑，专辑的歌曲有《新奥尔良的空袭》《假表》《假日的谎言》《剃了胡子的男人》《我的好友隆指导》敬请大家期待，还有5月份的巡回演唱会，大家不要错过利拉德透露，他最近一直在看一本书，书名叫《双层夹心三明治怎么做才好吃》哈哈哈哈哈哈哈哈发自虎扑Android客户端,21,,
531楼,2018/4/22 7:55,gcgo,专家还挺懂球啊发自虎扑Android客户端,0,,
532楼,2018/4/22 7:55,雷霆巨星亚当斯, 引用内容由于违规已被删除为什么我这里显示一张黄图发自虎扑iPhone客户端,42,,
533楼,2018/4/22 7:55,楚楚又留香,开拓者这场发挥得挺好了，奈何对面有高达！浓眉哥47+假日哥41！两人40+！第二轮好看了！神勇的鹈鹕后场vs射手当世无双的水花兄弟，无敌的浓眉哥vs死神杜兰特！发自虎扑Android客户端,0,,
534楼,2018/4/22 7:55,让我来教你装逼,有些球员为常规赛而生   有些球员为季后赛而生发自虎扑iPhone客户端,0,,
535楼,2018/4/22 7:55,伯德33,引用8楼 @东风乱舞 发表的:同场40+，整个系列赛浓眉和霍勒迪命中率在55%以上合砍60+，这就是传说中的OK组合吧？还有系列赛55%命中率拿18分的米罗蒂奇和13+助攻的朗多除了鹈鹕总冠军不知道还能说啥了！真正的BOSS是季后赛朗多。。。。,23,,
537楼,2018/4/22 7:55,长安城说书先生,我已经找不到形容词来吹隆多了，这个球员巅峰期那几年碰到大伤病，和教练战术理念不符合被雪藏，被媒体带节奏成为更衣室毒瘤，一度沉沦，一度放低姿态却无球可打。举于板筑之间，崛起于草莽之中，他用自己艺术般的指挥告诉整个联盟，就算我大伤，就算我老了，我依然不输年轻控位，甚至比他们更好。就算我投篮一般，但我的组织足以弥补。就算你们说我更衣室毒瘤，我能让一整个队伍的年轻人，让他们用崇拜的眼神看着我，随我一起冲锋。鹕人4:0开拓者！横扫！下克上！蝴人总冠军！！！！发自手机虎扑 m.hupu.com,1,,
538楼,2018/4/22 7:55,chaunceyiverson,乔丹穿着11号在打球发自手机虎扑 m.hupu.com,0,,
539楼,2018/4/22 7:55,科少369, 引用内容由于违规已被删除没有利拉德 能进季后赛？发自虎扑iPhone客户端,1,,
540楼,2018/4/22 7:55,数钱嚼炫迈,问题来了：詹/杜/库/哈/威/卡/眉/字母到底怎么排呢？赛季说的联盟前六呢？发自虎扑iPhone客户端,0,,
541楼,2018/4/22 7:55,Mo丶rning,引用483楼 @小爷丶不怂 发表的:是啊，说实话我觉得都给麦科勒姆打都不一定输的这么惨该扶正CJ了，利拉德信心都没了发自虎扑iPhone客户端,0,,
542楼,2018/4/22 7:55,我来接锅好吗,引用494楼 @詹士LBJ 发表的:你这图片，看得出利拉德眼神的无奈，仿佛在说：劳资手表没电了…鹈鹕赢两场后我觉得稳晋级了，然后就在等一个利拉德时间。。结果四场完了愣是没等到,1,,
543楼,2018/4/22 7:55,想罪了,利指导一直被高估了，打这鬼样发自虎扑Android客户端,0,,
544楼,2018/4/22 7:55,老老老老何,恭喜鹈鹕以下克上横扫小开，历史上也不多见吧发自虎扑iPhone客户端,0,,
545楼,2018/4/22 7:55,吃饱了做大事,引用8楼 @东风乱舞 发表的:同场40+，整个系列赛浓眉和霍勒迪命中率在55%以上合砍60+，这就是传说中的OK组合吧？还有系列赛55%命中率拿18分的米罗蒂奇和13+助攻的朗多除了鹈鹕总冠军不知道还能说啥了！被你一总结吓人一跳发自虎扑iPhone客户端,8,,
546楼,2018/4/22 7:55,牧者,引用522楼 @奋斗的候鸟 发表的:这mv我看过 当时我还等着这些短裙飘起来你的评论出卖了你，你根本没看过。这哪里还需要等短裙飘起来，她会自己掀开给你看的。发自虎扑Android客户端,0,,
547楼,2018/4/22 7:55,彩虹sola,恭喜鹈鹕晋级！勇士第二轮要难受了发自虎扑Android客户端,0,,
548楼,2018/4/22 7:55,伯德33,引用527楼 @故乡拾秋 发表的:开拓者输在几个点：后场太矮了，完全被针对了。替补深度太差。没有巨星关键时刻的攻坚能力。过去的两年，开拓者管理层完全把空间锁死了，一千万的球员看饮水机。这个夏天，我觉得这个队要做的事情太多，续约，换血阵容等等。我认为只有一点，对面是季后赛朗多,0,,
549楼,2018/4/22 7:55,我盖了科比的帽, 引用内容由于违规已被删除黄图。。。。发自虎扑Android客户端,7,,
550楼,2018/4/22 7:55,古屋听秋,引用17楼 @灯泡最牛 发表的:经过一段时间的蛰伏，利拉德即将发布他的新专辑，专辑的歌曲有《新奥尔良的空袭》《假表》《假日的谎言》《剃了胡子的男人》《我的好友隆指导》敬请大家期待，还有5月份的巡回演唱会，大家不要错过利拉德透露，他最近一直在看一本书，书名叫《双层夹心三明治怎么做才好吃》发自虎扑Android客户端,436,,
551楼,2018/4/22 7:55,落拓书生SQ,引用460楼 @iamandyf 发表的:一分钟被点亮八次，这种广告还带自动点亮？应该是之前说的和比赛相关内容，被亮了以后再编辑内容为图片发自虎扑Android客户端,0,,
552楼,2018/4/22 7:55,我是头号科密,引用510楼 @荣骁 发表的:这命中率太抬举OK组合的K了下辈子都不可能有呵呵。先让哈登拿个冠军再来酸吧发自虎扑iPhone客户端,0,,
553楼,2018/4/22 7:55,戴不动,浓眉哥牛逼，假日哥牛逼，多指导牛逼，米罗牛逼，浓眉哥最后的一攻一防看湿了，季后赛第二轮加油！发自虎扑Android客户端,0,,
554楼,2018/4/22 7:56,龙虾三争霸OvO,引用32楼 @小帅中校 发表的:替湖总冠军……哈哈哈哈哈没毛病发自虎扑Android客户端,0,,
555楼,2018/4/22 7:56,wlwl545,引用8楼 @东风乱舞 发表的:同场40+，整个系列赛浓眉和霍勒迪命中率在55%以上合砍60+，这就是传说中的OK组合吧？还有系列赛55%命中率拿18分的米罗蒂奇和13+助攻的朗多除了鹈鹕总冠军不知道还能说啥了！瞎扯，难道不是HD高清组合吗……发自虎扑iPhone客户端,20,,
556楼,2018/4/22 7:56,2米03的艾弗森,鹕人总冠军！！！发自虎扑Android客户端,0,,
558楼,2018/4/22 7:56,hooliganlee,引用17楼 @灯泡最牛 发表的:经过一段时间的蛰伏，利拉德即将发布他的新专辑，专辑的歌曲有《新奥尔良的空袭》《假表》《假日的谎言》《剃了胡子的男人》《我的好友隆指导》敬请大家期待，还有5月份的巡回演唱会，大家不要错过利拉德透露，他最近一直在看一本书，书名叫《双层夹心三明治怎么做才好吃》哈哈哈哈哈利拉德要来砍你了发自虎扑iPhone客户端,18,,
560楼,2018/4/22 7:56,mytime666,鬼鬼这也太秀了吧发自虎扑iPhone客户端,0,,
561楼,2018/4/22 7:56,衣冠兽,引用532楼 @雷霆巨星亚当斯 发表的:为什么我这里显示一张黄图我也是显示黄图发自虎扑Android客户端,0,,
562楼,2018/4/22 7:56,moveCoder, 引用内容由于违规已被删除这都能过啊，我去。发自虎扑iPhone客户端,3,,
563楼,2018/4/22 7:56,DAME丶大米,引用30楼 @这节课好久 发表的:对不起，我拓就是为打脸存在的，鹈鹕打的真不错，第二轮加油发自虎扑Android客户端,73,,
564楼,2018/4/22 7:56,smile_k,鹕人总冠军发自虎扑Android客户端,0,,
565楼,2018/4/22 7:56,詹姆斯掩护哈登,吹不动了，牛逼。发自虎扑iPhone客户端,1,,
566楼,2018/4/22 7:56,MGK,引用532楼 @雷霆巨星亚当斯 发表的:为什么我这里显示一张黄图我也是一张黄图，还点了举报发自虎扑iPhone客户端,0,,
567楼,2018/4/22 7:56,伯德33,引用529楼 @yuoyi 发表的:利指导让人比较失望对面可是朗指导,0,,
569楼,2018/4/22 7:56,莫名HP,引用7楼 @超级神登 发表的:有谁还记得那位信誓旦旦的裸奔兄弟呢？你在哪？我记得，叫蔡小池发自虎扑iPhone客户端,28,,
570楼,2018/4/22 7:56,捡球狂魔,引用251楼 @火力要全开 发表的:浓眉季后赛新高值得吹，你假日哥存在感爆棚，但我仍然要吹一波朗指导！！今儿16个助攻2个失误！外加7分7板加场上教练buff！不算今天这场，季后赛场均12.7分+12.3助攻+7.7篮板！！多指导牛批――“你看我挪唬俊钡比徊豢zszs发自虎扑iPhone客户端,1,,
571楼,2018/4/22 7:57,zhp3sg,鹈鹕上次被横扫，第二次就横扫别人发自虎扑iPhone客户端,0,,
572楼,2018/4/22 7:57,46分,鹈鹕总冠军，浓眉和假日哥真的是太横了。发自虎扑Android客户端,0,,
574楼,2018/4/22 7:57,皇者风范詹姆斯,引用8楼 @东风乱舞 发表的:同场40+，整个系列赛浓眉和霍勒迪命中率在55%以上合砍60+，这就是传说中的OK组合吧？还有系列赛55%命中率拿18分的米罗蒂奇和13+助攻的朗多除了鹈鹕总冠军不知道还能说啥了！下一场目标金州勇士发自虎扑Android客户端,7,,
575楼,2018/4/22 7:57,你的她含过我的它c,替湖总冠军发自虎扑Android客户端,0,,
576楼,2018/4/22 7:57,iOS101,开拓者克勇士，现在碰不到勇士了发自手机虎扑 m.hupu.com,0,,
579楼,2018/4/22 7:57,一套行云流水,霍勒迪打出名堂发自虎扑iPhone客户端,0,,
582楼,2018/4/22 7:57,纳什之后看布克,鹈鹕怎么一下这么强发自手机虎扑 m.hupu.com,0,,
583楼,2018/4/22 7:57,波波诸葛维奇～,发自虎扑Android客户端,0,,
584楼,2018/4/22 7:57,被B夹伤,求轻吹，下一轮被横扫也不要轮！毕竟鹈鹕给我们带来了惊喜！发自虎扑iPhone客户端,0,,
586楼,2018/4/22 7:57,萌库恋上斯嘉丽,握草  为什么勇士下一轮就要打鹈鹕……发自虎扑Android客户端,0,,
587楼,2018/4/22 7:57,944932249,引用510楼 @荣骁 发表的:这命中率太抬举OK组合的K了下辈子都不可能有看了一下你这个老逼的回贴，从科比到邓肯，从女星到中兴，你t娘的全在黑，一定是小时候妈死了，无奈每天只能满足你爹，每日每夜被河蟹发自虎扑iPhone客户端,2,,
588楼,2018/4/22 7:57,P_LEGENDA,Point God的存在，保证首发球员打各自舒服的球。四场比赛各个状态都愈发火热，希望下一轮继续腾飞！加油！发自手机虎扑 m.hupu.com,0,,
589楼,2018/4/22 7:57,喜欢雪小禅,我看谁还敢黑浓眉带队不行，数据刷子。发自虎扑Android客户端,0,,
590楼,2018/4/22 7:58,ProfESDer,霍乐迪生生把垃圾合同打成了超值合同…发自虎扑Android客户端,0,,
591楼,2018/4/22 7:58,xyx8863589,隆多，携手霍乐迪和浓眉，把去年没完的剧本写完了！恭喜鹈鹕，实力打了预测者的脸！！！p.s.利拉德夏天应该苦练了，这个系列赛表现太差。发自虎扑Android客户端,0,,
592楼,2018/4/22 7:58,紫金战神萨克雷大帝,引用30楼 @这节课好久 发表的:这已经不是打脸了，这是把脸按在水泥地上疯狂摩擦发自虎扑iPhone客户端,138,,
593楼,2018/4/22 7:58,一点不深沉,开拓者去年被勇士横扫，可以接受，勇士太强了。今年又被鹈鹕横扫，这面子可就挂不住了啊，真的是常规赛型球队吗？,0,,
594楼,2018/4/22 7:58,故乡拾秋,引用521楼 @未来之展望 发表的:那么问题来了：现在在开拓者阵中的球员，还有几个能留到下赛季呢？今年夏天开拓者的管理层要忙活一阵子了。我觉得拓荒管理层过去两年的操作和卧虎小巴斯有的一拼，把空间锁的死死地，烂合同的存在导致球队操作空间太小。我觉得开拓者夏天不改变，明年等待他们的仍然是摸不到西部地板,0,,
595楼,2018/4/22 7:58,你的她含过我的它c,引用251楼 @火力要全开 发表的:浓眉季后赛新高值得吹，你假日哥存在感爆棚，但我仍然要吹一波朗指导！！今儿16个助攻2个失误！外加7分7板加场上教练buff！不算今天这场，季后赛场均12.7分+12.3助攻+7.7篮板！！多指导牛批――“你看我挪唬俊辈豢zszszs发自虎扑Android客户端,0,,
596楼,2018/4/22 7:58,zhczz98,专家们，这脸打的酸爽不发自手机虎扑 m.hupu.com,0,,
598楼,2018/4/22 7:58,50treehugger50,引用8楼 @东风乱舞 发表的:同场40+，整个系列赛浓眉和霍勒迪命中率在55%以上合砍60+，这就是传说中的OK组合吧？还有系列赛55%命中率拿18分的米罗蒂奇和13+助攻的朗多除了鹈鹕总冠军不知道还能说啥了！4巨头没毛病，鹈鹕总冠军发自虎扑iPhone客户端,7,,
599楼,2018/4/22 7:58,花陌熙, 引用内容由于违规已被删除这张图从我大一那年就出现了，一直到现在毕业两年了，黄图哥你tm能不能长点儿心？发自虎扑iPhone客户端,8,,
600楼,2018/4/22 7:58,最后的克利夫兰,引用155楼 @mylgb634335 发表的:不懂问一下，这是不是第一支下半区球队对上半区横扫的？2015猛龙你忘了？0－4奇才发自手机虎扑 m.hupu.com,0,,
601楼,2018/4/22 7:58,单打5枚戒,引用17楼 @灯泡最牛 发表的:经过一段时间的蛰伏，利拉德即将发布他的新专辑，专辑的歌曲有《新奥尔良的空袭》《假表》《假日的谎言》《剃了胡子的男人》《我的好友隆指导》敬请大家期待，还有5月份的巡回演唱会，大家不要错过利拉德透露，他最近一直在看一本书，书名叫《双层夹心三明治怎么做才好吃》鹈鹕全员:不好意思，5月份去不了。发自虎扑Android客户端,33,,
602楼,2018/4/22 7:58,浅浅苏,不懂就问，开拓者16记罚球鹈鹕39记罚球，这把输赢和裁判有关系吗？发自虎扑iPhone客户端,0,,
603楼,2018/4/22 7:58,克雷汤普森克雷,看今天防利拉德就想起骑士防奥拉迪波，骑士和鹈鹕防守策略都是包夹持球人，只是浓眉身边还有霍指导和隆指导啊发自虎扑iPhone客户端,0,,
604楼,2018/4/22 7:58,FrozenCat,引用12楼 @丰Jason 发表的:7点爬起来看第四节比赛精彩到让我困意全无相比前几场，开拓者状态不错了只不过AD和霍乐迪太强了吧，两人得分40+加上隆多和米罗蒂奇，鹈鹕这是组…组了四巨头？PS.好多JR回复我考神还在替补席上坐着呢，我要改口了，等他回归后就是鹈鹕五虎伤病席上还歇着联盟第一中锋考神，恐怖的鹈鹕.发自虎扑Android客户端,16,,
605楼,2018/4/22 7:58,库卡杜, 引用内容由于违规已被删除大早上的给我看黄图是咋回事？发自虎扑Android客户端,6,,
606楼,2018/4/22 7:58,梦饭送,引用2楼 @凯尔特加油 发表的:第一支晋级第二轮的球队，成功团灭ESPN预测团!恭喜鹈鹕!浓眉和霍哥俩人各40+，各自职业生涯季后赛得分新高!恭喜！多多又准三双，差评!另外开拓者有点惨啊，季后赛10连败了。专家团被安排了。。发自虎扑iPhone客户端,5,,
607楼,2018/4/22 7:59,斯凯尔普666,引用17楼 @灯泡最牛 发表的:经过一段时间的蛰伏，利拉德即将发布他的新专辑，专辑的歌曲有《新奥尔良的空袭》《假表》《假日的谎言》《剃了胡子的男人》《我的好友隆指导》敬请大家期待，还有5月份的巡回演唱会，大家不要错过利拉德透露，他最近一直在看一本书，书名叫《双层夹心三明治怎么做才好吃》发自虎扑Android客户端,31,,
608楼,2018/4/22 7:59,夜寒不近流苏就是我,引用17楼 @灯泡最牛 发表的:经过一段时间的蛰伏，利拉德即将发布他的新专辑，专辑的歌曲有《新奥尔良的空袭》《假表》《假日的谎言》《剃了胡子的男人》《我的好友隆指导》敬请大家期待，还有5月份的巡回演唱会，大家不要错过利拉德透露，他最近一直在看一本书，书名叫《双层夹心三明治怎么做才好吃》皮的嘛，就不谈了发自虎扑Android客户端,5,,
609楼,2018/4/22 7:59,狮王辉,印象中季后赛队友双40+好像很少见，大梦跟滑翔机有一次发自虎扑Android客户端,0,,
610楼,2018/4/22 7:59,梦饭送,引用251楼 @火力要全开 发表的:浓眉季后赛新高值得吹，你假日哥存在感爆棚，但我仍然要吹一波朗指导！！今儿16个助攻2个失误！外加7分7板加场上教练buff！不算今天这场，季后赛场均12.7分+12.3助攻+7.7篮板！！多指导牛批――“你看我挪唬俊辈豢础２豢矗》⒆曰⑵iPhone客户端,0,,
611楼,2018/4/22 7:59,武立超, 引用内容由于违规已被删除？我有心思查此人ip发自虎扑Android客户端,0,,
612楼,2018/4/22 7:59,克城玫瑰l,引用7楼 @超级神登 发表的:有谁还记得那位信誓旦旦的裸奔兄弟呢？你在哪？坐等裸奔发自虎扑Android客户端,940,,
613楼,2018/4/22 7:59,就叫谢笨蛋好了,看来，鹈鹕要提前锁定西决一张门票了发自虎扑iPhone客户端,0,,
614楼,2018/4/22 8:00,午夜投三分,浓眉和假日同时砍下40+，这就是传说中的超级组合吧，恭喜鹈鹕成为首支晋级第二轮的球队！真的是打了所有专家的脸。发自虎扑iPhone客户端,0,,
615楼,2018/4/22 8:00,人生第一次,霍格予取予求发自虎扑Android客户端,0,,
616楼,2018/4/22 8:00,泰坦神铁锭,引用17楼 @灯泡最牛 发表的:经过一段时间的蛰伏，利拉德即将发布他的新专辑，专辑的歌曲有《新奥尔良的空袭》《假表》《假日的谎言》《剃了胡子的男人》《我的好友隆指导》敬请大家期待，还有5月份的巡回演唱会，大家不要错过利拉德透露，他最近一直在看一本书，书名叫《双层夹心三明治怎么做才好吃》《假表》笑尿发自虎扑Android客户端,2,,
617楼,2018/4/22 8:00,换个角度去偷窥,引用30楼 @这节课好久 发表的:系列赛4场结束了，那么是预测5场的差的远还是7场差的远？发自虎扑iPhone客户端,89,,
618楼,2018/4/22 8:00,夜寒不近流苏就是我,引用30楼 @这节课好久 发表的:这图可能会迟到，但从来不会缺席发自虎扑Android客户端,19,,
621楼,2018/4/22 8:00,PES2018,利拉德啊 ，，，，发自虎扑iPhone客户端,0,,
622楼,2018/4/22 8:00,小小熊TMAC,其实四场比赛看下来，利拉德确实要背起锅，毕竟球队老大。但也很明显，真正存在的问题不是他一个人能够解决的，哪怕这四场里他爆种有一场40+50+，又一定能改变风向吗？不见得。开拓者说到底还是整个配置，人员结构，天赋上的问题，就像主播说的，球队的天花板已经摸到了，天赋上限在那摆着，光靠利拉德一个人根本撑不起更高，何况，利拉德本身就不是一个上限特别高的球员，不说比库里，比杜兰特，比哈登，比詹姆斯了，哪怕即使比对面的季后赛新手浓眉哥，某种意义上来说，都差了距离。所以，球队要想改变，真的只能从配置上根本去调整，而且还不是简单的修修补补。发自虎扑iPhone客户端,0,,
623楼,2018/4/22 8:01,灵活死盘子,霍乐无敌了，水鸟发育得太好肥起来还真是挡不住的发自虎扑Android客户端,0,,
624楼,2018/4/22 8:01,尽管带带得动算我输,引用251楼 @火力要全开 发表的:浓眉季后赛新高值得吹，你假日哥存在感爆棚，但我仍然要吹一波朗指导！！今儿16个助攻2个失误！外加7分7板加场上教练buff！不算今天这场，季后赛场均12.7分+12.3助攻+7.7篮板！！多指导牛批――“你看我挪唬俊闭飧鲋蟹胬喊逵械闵俜⒆曰⑵Android客户端,0,,
625楼,2018/4/22 8:01,壮哉我大隆多,引用459楼 @青_萤 发表的:哥，那人是我同学，那条回复是他朋友整他的。。。。这剧情我看过，有人动我开哥的电脑演示外挂！！！诶……要不大家上柱香再走……？发自虎扑Android客户端,1002,,
626楼,2018/4/22 8:01,销魂之T-mac,不说了，鹈鹕牛逼！！！！,0,,
627楼,2018/4/22 8:01,库里干了洛瑞也干了,引用22楼 @为何而存在 发表的:利指导啊，还是没有出现期待的利拉德时间，第四节看到的是杀红眼的阿米奴和CJ，利指导面对提前包夹显得都有点木了，攻防两端都毫无存在感。以前说到利拉德，第一印象就是永远不服不忿，打不过你也要咬你几口肉，这轮系列赛的利拉德真的让人失望啊。这就是明星和巨星的差别吧，利指导必须练无球了，另外拓荒必须夏天选几个会持球的锋线发自虎扑Android客户端,72,,
629楼,2018/4/22 8:01,求求你们别吹了,牛逼txtxtx发自虎扑iPhone客户端,0,,
630楼,2018/4/22 8:01,后入窝瓜,引用12楼 @丰Jason 发表的:7点爬起来看第四节比赛精彩到让我困意全无相比前几场，开拓者状态不错了只不过AD和霍乐迪太强了吧，两人得分40+加上隆多和米罗蒂奇，鹈鹕这是组…组了四巨头？PS.好多JR回复我考神还在替补席上坐着呢，我要改口了，等他回归后就是鹈鹕五虎考神:再给你个组织语言的机会，几巨头？发自虎扑Android客户端,14,,
632楼,2018/4/22 8:01,Mr.小胡子,引用30楼 @这节课好久 发表的:懂球帝……tx发自虎扑iPhone客户端,13,,
633楼,2018/4/22 8:02,QiWiiC,有人能告诉我隆多的16+7+7哪个是哪个吗，我记得上一场是16分，所以这场是？发自虎扑iPhone客户端,0,,
634楼,2018/4/22 8:02,后来居上的篮球喜爱者, 引用内容由于违规已被删除为什么每次都有这张图发自虎扑Android客户端,0,,
636楼,2018/4/22 8:02,风流大橙子,引用459楼 @青_萤 发表的:哥，那人是我同学，那条回复是他朋友整他的。。。。蔡小池，你以为这样就能骗到我们了？你上大号说话发自虎扑Android客户端,465,,
637楼,2018/4/22 8:02,花开花无痕,引用30楼 @这节课好久 发表的:当然是根据题意选啊，如果让你选择鹈鹕能赢的场次，那么七场最接近，发自虎扑Android客户端,11,,
638楼,2018/4/22 8:02,威廉铁柱,引用399楼 @胡歌Hugh 发表的:季后赛同队两个40+，印象里上一次还是总决赛老詹和欧文吧！！！浓眉依旧攻防两端存在感十足，假日哥除去失误和不太好的三分手感，简直完美表现，隆多指导组织好依旧稳如狗三巨头合砍83分，其中詹皇和欧文合砍81分。发自虎扑Android客户端,16,,
639楼,2018/4/22 8:02,宿基佬,就一句话，上一次季后赛双40的组合是不是得了总冠军？发自虎扑Android客户端,0,,
640楼,2018/4/22 8:02,肯塔基三塔的故事,引用30楼 @这节课好久 发表的:据前方报道，专家已全部阵亡发自手机虎扑 m.hupu.com,12,,
641楼,2018/4/22 8:03,melodaai,鹈鹕总冠军 太刺激了发自虎扑iPhone客户端,0,,
643楼,2018/4/22 8:03,虐框狂魔,霍乐迪牛批发自虎扑iPhone客户端,0,,
644楼,2018/4/22 8:03,wjstxt,谁上一个利拉德手表都是我多的图发自虎扑iPhone客户端,0,,
645楼,2018/4/22 8:03,霹雳火小子,这轮系列赛，利指导打得真心不好。开拓者要有大动作嘛，这阵容，薪资不低，但是却没有相应的成绩。发自虎扑Android客户端,0,,
646楼,2018/4/22 8:03,leanlou,赛季初预测MVP的时候曾经投了浓眉一票 不过常规赛战绩还是太差了,0,,
647楼,2018/4/22 8:03,要干就干大帝,如果能掀翻勇士，或者能给勇士造成麻烦就漂亮了发自虎扑Android客户端,0,,
648楼,2018/4/22 8:04,AstrayC,俩40！鹕人总冠军！发自手机虎扑 m.hupu.com,0,,
650楼,2018/4/22 8:04,爆勃猫,恭喜鹈鹕，走的更远发自虎扑iPhone客户端,0,,
651楼,2018/4/22 8:04,故乡拾秋,引用548楼 @伯德33 发表的:我认为只有一点，对面是季后赛朗多半决赛打勇士不好打。勇士一二三号位高度都优于鹈鹕，而且有篮子有和防守能力。取胜的关键是浓眉要打爆勇士内线，另外尽可能干扰杜兰特的投篮,0,,
652楼,2018/4/22 8:04,绿色的心34,引用8楼 @东风乱舞 发表的:同场40+，整个系列赛浓眉和霍勒迪命中率在55%以上合砍60+，这就是传说中的OK组合吧？还有系列赛55%命中率拿18分的米罗蒂奇和13+助攻的朗多除了鹈鹕总冠军不知道还能说啥了！今年季后赛最大的惊喜就是鹈鹕了。。。隆多说实话给鹈鹕带来了冠军的气质，防止球队关键时刻犯错的定海神针。。最后假日，AD真的，金特里真的厉害！！！！！！！发自虎扑Android客户端,15,,
653楼,2018/4/22 8:04,转角遇难,鹈鹕让这个系列赛99%的预测都崩盘。。,0,,
654楼,2018/4/22 8:04,兖州杠把子,引用459楼 @青_萤 发表的:哥，那人是我同学，那条回复是他朋友整他的。。。。那个人就是你！发自虎扑Android客户端,5,,
655楼,2018/4/22 8:05,草榴管埋员,挺有意思，安踏搞定了李宁,0,,
656楼,2018/4/22 8:05,AK416,鹕人总冠军！发自虎扑Android客户端,0,,
658楼,2018/4/22 8:05,啦简一朗多,引用251楼 @火力要全开 发表的:浓眉季后赛新高值得吹，你假日哥存在感爆棚，但我仍然要吹一波朗指导！！今儿16个助攻2个失误！外加7分7板加场上教练buff！不算今天这场，季后赛场均12.7分+12.3助攻+7.7篮板！！多指导牛批――“你看我挪唬俊备艨赵握搿穴⊙发自虎扑iPhone客户端,0,,
660楼,2018/4/22 8:06,荣骁,引用587楼 @944932249 发表的:看了一下你这个老逼的回贴，从科比到邓肯，从女星到中兴，你t娘的全在黑，一定是小时候妈死了，无奈每天只能满足你爹，每日每夜被河蟹火气挺大啊，不怪你，毕竟你全家刚车祸死绝，可以理解节哀发自虎扑Android客户端,0,,
663楼,2018/4/22 8:06,zjjccc,引用30楼 @这节课好久 发表的:懂球！！！！发自虎扑Android客户端,7,,
664楼,2018/4/22 8:06,一觉到大天亮,勇士瑟瑟发抖发自虎扑Android客户端,0,,
665楼,2018/4/22 8:06,Paul.liang,想看鹈鹕打火箭。。。又不想勇士被淘汰发自虎扑iPhone客户端,0,,
666楼,2018/4/22 8:06,15380333350,我不知道有没有看隆多助攻失误比的，可怕发自虎扑iPhone客户端,0,,
667楼,2018/4/22 8:07,呼啦啦啦大西瓜,浓眉:空砍群群主低价大甩卖啦。。。利拉德:我要，我要。。。麦科勒姆:我……我要副群主。。。发自虎扑Android客户端,0,,
668楼,2018/4/22 8:07,Tracyguo15,紫薯紫薯。。发自虎扑iPhone客户端,0,,
669楼,2018/4/22 8:07,六月小冬瓜,浓眉哥攻防一体，本赛季双一阵水平，未来几个赛季mvp有力争夺者发自虎扑iPhone客户端,0,,
670楼,2018/4/22 8:07,figoli,霍勒迪和戴维斯是真牛逼，怎么投怎么有，勇士，快点开打吧，想看搞事情！发自虎扑iPhone客户端,0,,
671楼,2018/4/22 8:07,findove,今年的开拓者让我想起了那年的丹佛田径队,0,,
672楼,2018/4/22 8:08,传串川,这俩图我存一辈子发自虎扑iPhone客户端,0,,
673楼,2018/4/22 8:09,当科比帽哈登时说,引用550楼 @古屋听秋 发表的:真是什么jier图都有发自虎扑Android客户端,4,,
674楼,2018/4/22 8:09,青_萤,引用459楼 @青_萤 发表的:哥，那人是我同学，那条回复是他朋友整他的。。。。我觉得我解释不清了。。。。蔡小池凉了，我一会儿去西操给他上柱香。。。发自虎扑Android客户端,24,,
675楼,2018/4/22 8:09,千鹤35,恭喜鹈鹕，开拓者这表现真是出乎了大家的意料…发自虎扑iPhone客户端,0,,
676楼,2018/4/22 8:09,上古神兽5,这支球队让我想起1995年火箭队，那个赛季结束火箭仅取得47胜35负的战绩，位列西部第六，当绝大多数人对这支卫冕冠军感到悲观的时候，这支火箭在超级内线的领导下开始演绎属于自己的神话表现。在西部季后赛连续战胜60胜的爵士【常规赛联盟第二】，59胜的太阳【常规赛联盟第三】和62胜拥有新科MVP大卫罗宾逊的马刺【常规赛联盟第一】，并最终在总决赛中4-0横扫了57胜【东区榜首】的奥兰多魔术队。发自手机虎扑 m.hupu.com,0,,
678楼,2018/4/22 8:10,zzjjbbi,引用459楼 @青_萤 发表的:哥，那人是我同学，那条回复是他朋友整他的。。。。嗯~我同学zsbd发自虎扑iPhone客户端,6,,
679楼,2018/4/22 8:10,icewind,今天鹈鹕差点黄了，努尔基奇连续单吃，鹈鹕也没有改变战术，被追到1分。全靠假日浓眉硬气加手感好，这是今天唯一的缺憾发自虎扑Android客户端,1,,
680楼,2018/4/22 8:11,我的虎扑账号,霍勒迪真厉害啊发自手机虎扑 m.hupu.com,0,,
681楼,2018/4/22 8:11,大白莲,一个核心内线，一个大个关键先生，一个优质得分后卫，一个不一样的控球后卫，西部第六下克上，这集我好像看过发自手机虎扑 m.hupu.com,0,,
682楼,2018/4/22 8:11,奇才2号真巫师,想起来15年我巫首轮也是被预测最多六场被猛龙淘汰，结果跟今天鹈鹕一样。发自手机虎扑 m.hupu.com,0,,
683楼,2018/4/22 8:11,我来接锅好吗,引用661楼 @篮球小马 发表的:一个系列赛都没等到利指导的午时三刻……三节后半段有个超远三分加一个高难度上篮连拿5分，我以为利拉德时间要来了。。然后发现又是错觉。。,0,,
684楼,2018/4/22 8:12,猫王杰佛森,引用251楼 @火力要全开 发表的:浓眉季后赛新高值得吹，你假日哥存在感爆棚，但我仍然要吹一波朗指导！！今儿16个助攻2个失误！外加7分7板加场上教练buff！不算今天这场，季后赛场均12.7分+12.3助攻+7.7篮板！！多指导牛批――“你看我挪唬俊惫哈哈，但是你贴杰夫格林干嘛？发自虎扑Android客户端,0,,
685楼,2018/4/22 8:12,米城雪鹿,季后赛除了怕雇饪吹牡谝怀”热，鹈鹕打的真不错。希望鹈鹕走的更远。,0,,
686楼,2018/4/22 8:12,TonyStark1,引用638楼 @威廉铁柱 发表的:三巨头合砍83分，其中詹皇和欧文合砍81分。又黑我爱神发自虎扑Android客户端,1,,
687楼,2018/4/22 8:12,王者之战怎么还要设置,特别期待勇士VS鹈鹕发自虎扑Android客户端,0,,
688楼,2018/4/22 8:13,老詹教我投三分,浓眉太可怕了，后卫内线技术都有，防守面积贼她妈大，关键是移动还不输你后卫。发自虎扑Android客户端,0,,
689楼,2018/4/22 8:13,江南烟雨,勇士要教你做鹕人了发自虎扑Android客户端,0,,
690楼,2018/4/22 8:14,卡戴珊薛,引用8楼 @东风乱舞 发表的:同场40+，整个系列赛浓眉和霍勒迪命中率在55%以上合砍60+，这就是传说中的OK组合吧？还有系列赛55%命中率拿18分的米罗蒂奇和13+助攻的朗多除了鹈鹕总冠军不知道还能说啥了！还可以说鹕人总冠军。。。,3,,
692楼,2018/4/22 8:14,恩比德的野生父亲,利指导没什么机会啊发自虎扑Android客户端,0,,
693楼,2018/4/22 8:14,华丽好莱坞,利拉德太怂了，CJ最后追着人犯规，阿米努和努尔基奇眼里有火，利拉德则毫无存在感……这场比赛他应该背全锅,0,,
694楼,2018/4/22 8:14,丹_吉尔伯特,引用7楼 @超级神登 发表的:有谁还记得那位信誓旦旦的裸奔兄弟呢？你在哪？@bryant8888发自虎扑Android客户端,84,,
695楼,2018/4/22 8:15,ECKV,引用633楼 @QiWiiC 发表的:有人能告诉我隆多的16+7+7哪个是哪个吗，我记得上一场是16分，所以这场是？助攻啦，正常数据,0,,
696楼,2018/4/22 8:16,我爱苑樱桃,利拉德的表现对不起拼尽全力的cj、弩机、特纳、阿米奴发自虎扑Android客户端,0,,
697楼,2018/4/22 8:16,特意小黑屋,隆指导真是为季后赛而生为大场面而生  恭喜鹈鹕，打的真好！！,0,,
698楼,2018/4/22 8:17,分手无大师,引用12楼 @丰Jason 发表的:7点爬起来看第四节比赛精彩到让我困意全无相比前几场，开拓者状态不错了只不过AD和霍乐迪太强了吧，两人得分40+加上隆多和米罗蒂奇，鹈鹕这是组…组了四巨头？PS.好多JR回复我考神还在替补席上坐着呢，我要改口了，等他回归后就是鹈鹕五虎细思极恐，还有一个数据超级恐怖的大中锋在下面歇着。剃鹕总冠军！！！发自手机虎扑 m.hupu.com,10,,
699楼,2018/4/22 8:17,百川归入海,健康的隆多实现了去年的剧本发自虎扑Android客户端,1,,
700楼,2018/4/22 8:17,Rayarlees,引用625楼 @壮哉我大隆多 发表的:这剧情我看过，有人动我开哥的电脑演示外挂！！！诶……要不大家上柱香再走……？别这样，开哥生前好歹是个体面人……emmmm发自虎扑iPhone客户端,12,,
701楼,2018/4/22 8:17,说5555, 引用内容由于违规已被删除作死呢吧 老哥发自虎扑iPhone客户端,0,,
702楼,2018/4/22 8:17,流浪人末夕,引用7楼 @超级神登 发表的:有谁还记得那位信誓旦旦的裸奔兄弟呢？你在哪？想去隔壁华科看看发自虎扑iPhone客户端,8,,
703楼,2018/4/22 8:18,陈美男滴男友,引用635楼 @哎呦丨先生 发表的:不许动陈美男美男是我的          奇怪我笑着笑着，怎么哭了,0,,
704楼,2018/4/22 8:18,楷体,引用459楼 @青_萤 发表的:哥，那人是我同学，那条回复是他朋友整他的。。。。上大号说话。发自虎扑iPhone客户端,3,,
705楼,2018/4/22 8:18,人如天上云,浓眉牛逼！！发自虎扑iPhone客户端,0,,
706楼,2018/4/22 8:18,地球的怪兽,一睡醒就4-0？我的天啊，横扫横扫横扫发自手机虎扑 m.hupu.com,0,,
707楼,2018/4/22 8:18,德鲁死忠,引用638楼 @威廉铁柱 发表的:三巨头合砍83分，其中詹皇和欧文合砍81分。合砍84 詹欧各41合砍82发自虎扑iPhone客户端,0,,
708楼,2018/4/22 8:19,爱保罗cp3,引用17楼 @灯泡最牛 发表的:经过一段时间的蛰伏，利拉德即将发布他的新专辑，专辑的歌曲有《新奥尔良的空袭》《假表》《假日的谎言》《剃了胡子的男人》《我的好友隆指导》敬请大家期待，还有5月份的巡回演唱会，大家不要错过利拉德透露，他最近一直在看一本书，书名叫《双层夹心三明治怎么做才好吃》他最近还在看一本新漫画 一眉超人发自虎扑Android客户端,11,,
709楼,2018/4/22 8:19,ghettoTelfair,利拉德一场都没开啊这真的。。。。怎么解释,0,,
710楼,2018/4/22 8:19,好干不亏,库里次轮不复出的话 水鸟有机会！即使打不过也要薅它几根毛下来！发自手机虎扑 m.hupu.com,0,,
711楼,2018/4/22 8:20,2015爪哇,引用8楼 @东风乱舞 发表的:同场40+，整个系列赛浓眉和霍勒迪命中率在55%以上合砍60+，这就是传说中的OK组合吧？还有系列赛55%命中率拿18分的米罗蒂奇和13+助攻的朗多除了鹈鹕总冠军不知道还能说啥了！这是ojbk组合，吊的一匹发自虎扑iPhone客户端,3,,
713楼,2018/4/22 8:20,我凯做班长,以前感觉鹈鹕谁也打不过，现在感觉鹈鹕谁也打不过！！！！发自虎扑iPhone客户端,0,,
714楼,2018/4/22 8:21,来碗鱼汤面,引用459楼 @青_萤 发表的:哥，那人是我同学，那条回复是他朋友整他的。。。。你是那人的小号发自虎扑iPhone客户端,1,,
715楼,2018/4/22 8:21,1号董秋迪,引用8楼 @东风乱舞 发表的:同场40+，整个系列赛浓眉和霍勒迪命中率在55%以上合砍60+，这就是传说中的OK组合吧？还有系列赛55%命中率拿18分的米罗蒂奇和13+助攻的朗多除了鹈鹕总冠军不知道还能说啥了！你把大帝的76人放哪了发自虎扑iPhone客户端,2,,
716楼,2018/4/22 8:21,tboxi,鹈鹕的进攻真可怕，完全不输勇火，就看状态能否延续了。想到表妹还坐在场下，太厉害了。。。。发自虎扑iPhone客户端,0,,
717楼,2018/4/22 8:22,心跳情书,今年鸟队牛逼的一匹啊,0,,
720楼,2018/4/22 8:23,JW云,引用30楼 @这节课好久 发表的:此时无声胜有声发自虎扑Android客户端,13,,
721楼,2018/4/22 8:23,六路晓晨,引用17楼 @灯泡最牛 发表的:经过一段时间的蛰伏，利拉德即将发布他的新专辑，专辑的歌曲有《新奥尔良的空袭》《假表》《假日的谎言》《剃了胡子的男人》《我的好友隆指导》敬请大家期待，还有5月份的巡回演唱会，大家不要错过利拉德透露，他最近一直在看一本书，书名叫《双层夹心三明治怎么做才好吃》真的秀啊，大兄弟！发自虎扑iPhone客户端,0,,
723楼,2018/4/22 8:24,AI你没差,开晨会了。同志们。发自虎扑Android客户端,0,,
724楼,2018/4/22 8:24,Shane_Kay,浓眉真的人形高达。 鹈鹕外线包夹完了轮转球员只要防到三分就算成功，今天阿米奴28分尽力了。但凡拿球不投想着突破的，浓眉那个护框看着真的残忍。,0,,
726楼,2018/4/22 8:25,扎克A拉文,没想到，没想到，最先晋级的竟是鹈鹕！发自虎扑Android客户端,0,,
727楼,2018/4/22 8:26,第二黄昏,开拓者要推倒重建了,0,,
728楼,2018/4/22 8:26,地颠看矮北瓦个名,这样的状态，感觉每个人都被打通任督二脉了。。。   发自虎扑Android客户端,0,,
729楼,2018/4/22 8:26,SKY丨天选之子,引用674楼 @青_萤 发表的:我觉得我解释不清了。。。。蔡小池凉了，我一会儿去西操给他上柱香。。。2333兄弟 裸奔前通知一声啊 我得从韵苑赶到西操发自虎扑Android客户端,0,,
730楼,2018/4/22 8:26,Melo轩,对不起～给你们放个假发自虎扑iPhone客户端,0,,
731楼,2018/4/22 8:26,厉害了我登登,利拉德：我可是一阵球员！！！！发自手机虎扑 m.hupu.com,0,,
732楼,2018/4/22 8:26,华理校草,武汉裸奔的兄弟你在哪!!发自虎扑Android客户端,0,,
733楼,2018/4/22 8:26,火箭0号布鲁克斯,引用612楼 @克城玫瑰l 发表的:坐等裸奔苹果都有双卡双待了？？？？发自手机虎扑 m.hupu.com,14,,
734楼,2018/4/22 8:26,我放过羊呢,千言万语汇成一句话~鹈鹕总冠军！！！！发自虎扑Android客户端,0,,
736楼,2018/4/22 8:27,治愈系的创可贴,开拓者好惨啊，季后赛萎成这样，居然被横扫了，没想到没想到。下一轮大概率鹈鹕对我渣勇了，期待比赛精彩。这样的鹈鹕，应该不会再说我勇运气好，对手弱了吧发自手机虎扑 m.hupu.com,0,,
737楼,2018/4/22 8:28,水桶也能飞,科尔要用缓兵计，这样库里可以多休息几天。波波老头准备苦肉计，不让库里多休几天。第四场有意思了。发自虎扑Android客户端,0,,
738楼,2018/4/22 8:29,手残潇,引用8楼 @东风乱舞 发表的:同场40+，整个系列赛浓眉和霍勒迪命中率在55%以上合砍60+，这就是传说中的OK组合吧？还有系列赛55%命中率拿18分的米罗蒂奇和13+助攻的朗多除了鹈鹕总冠军不知道还能说啥了！什么时候他俩可以和OK相提并论了？这个系列赛打的是好，球迷也高兴，但是轻吹好吗？不怕给他俩败人品？说句不太好听的。。想和OK比，先进总决再说。发自虎扑Android客户端,0,,
739楼,2018/4/22 8:29,沉默进化1006,是时候晒图打杨老师的脸了发自虎扑Android客户端,0,,
740楼,2018/4/22 8:29,luo2006,心疼开拓者发自虎扑iPhone客户端,0,,
741楼,2018/4/22 8:30,黑白格子812,引用17楼 @灯泡最牛 发表的:经过一段时间的蛰伏，利拉德即将发布他的新专辑，专辑的歌曲有《新奥尔良的空袭》《假表》《假日的谎言》《剃了胡子的男人》《我的好友隆指导》敬请大家期待，还有5月份的巡回演唱会，大家不要错过利拉德透露，他最近一直在看一本书，书名叫《双层夹心三明治怎么做才好吃》你是有多讨厌利拉德啊，这般嘲讽发自虎扑Android客户端,1,,
743楼,2018/4/22 8:31,肆意的猥琐,我的天呐！开赛前谁能想到是这个结果，恭喜鹈鹕晋级第二轮！发自手机虎扑 m.hupu.com,0,,
744楼,2018/4/22 8:32,spatter,杨恭如打球真厉害发自虎扑Android客户端,0,,
745楼,2018/4/22 8:32,阿伦依旧,剃...鹈鹕总冠军？发自虎扑iPhone客户端,0,,
746楼,2018/4/22 8:33,一品家木门,引用612楼 @克城玫瑰l 发表的:坐等裸奔应该是步步高？发自虎扑Android客户端,2,,
747楼,2018/4/22 8:33,Since1995,引用30楼 @这节课好久 发表的:开打前，我预测鹈鹕4:2开拓者发自虎扑iPhone客户端,6,,
748楼,2018/4/22 8:33,东辉集团,有龙多在这么多是可以为所欲为，去年也是公牛在没龙多的情况下，瞬间被绿队逆转，今年帮助鹈湖轻松挺进第二轮！！！发自虎扑Android客户端,0,,
750楼,2018/4/22 8:33,Gala000,引用510楼 @荣骁 发表的:这命中率太抬举OK组合的K了下辈子都不可能有劳动节要到了，记得腾出点吃屎的时间给你婊 子妈扫个墓发自虎扑iPhone客户端,1,,
751楼,2018/4/22 8:34,hero凯奇,三巨头和砍95分，虐爆开拓者，昂首挺进第二轮发自虎扑Android客户端,0,,
752楼,2018/4/22 8:34,俊宝妈,神仙打架！！发自虎扑iPhone客户端,0,,
753楼,2018/4/22 8:34,鹈鹕展翅,我的ID忍了这么多年，终于可以为自己证明！这只是刚刚开始！！！发自手机虎扑 m.hupu.com,1,,
754楼,2018/4/22 8:34,老詹的镁粉QAQ,米罗蒂奇比安德森好用多了发自虎扑Android客户端,0,,
755楼,2018/4/22 8:34,haweir,隆多是时候找个好归宿了，浓眉是时候兑现季后赛成就了，假日哥是时候摆脱垃圾合同骂名了，祝表妹早日康复！发自手机虎扑 m.hupu.com,0,,
757楼,2018/4/22 8:35,dingzf96,引用459楼 @青_萤 发表的:哥，那人是我同学，那条回复是他朋友整他的。。。。你这是挑衅我们智商啊兄dei发自虎扑iPhone客户端,0,,
758楼,2018/4/22 8:36,0o0lz,教练都派上场了，果然是新奥尔良翔阳队！发自虎扑Android客户端,0,,
759楼,2018/4/22 8:36,老渣科很渣,引用8楼 @东风乱舞 发表的:同场40+，整个系列赛浓眉和霍勒迪命中率在55%以上合砍60+，这就是传说中的OK组合吧？还有系列赛55%命中率拿18分的米罗蒂奇和13+助攻的朗多除了鹈鹕总冠军不知道还能说啥了！hd高清组合～发自虎扑iPhone客户端,1,,
760楼,2018/4/22 8:36,小胖哥儿,隆多科林斯吃T的瞬间，让我想起10年总决赛隆多为了加内特上去推了一把加内特的瞬间，真是好队友。发自虎扑Android客户端,0,,
761楼,2018/4/22 8:38,SwaggyT_ao,引用459楼 @青_萤 发表的:哥，那人是我同学，那条回复是他朋友整他的。。。。蔡小池：哥，那人是我同学，那条回复是他朋友整他的。。。。发自虎扑iPhone客户端,4,,
762楼,2018/4/22 8:39,东辉集团,这轮系列赛开拓者也太惨了吧？？西部第三，打西部第六竟然连一场都没赢？？？我是不信那！！以下克上？？发自虎扑Android客户端,1,,
763楼,2018/4/22 8:39,爱jeremy7,引用22楼 @为何而存在 发表的:利指导啊，还是没有出现期待的利拉德时间，第四节看到的是杀红眼的阿米奴和CJ，利指导面对提前包夹显得都有点木了，攻防两端都毫无存在感。以前说到利拉德，第一印象就是永远不服不忿，打不过你也要咬你几口肉，这轮系列赛的利拉德真的让人失望啊。阿米奴这轮系列赛的表现很可能让他成长为另一个级别的球员发自虎扑iPhone客户端,50,,
764楼,2018/4/22 8:40,WY1NGHA0,一觉睡起来 果然被横扫了发自虎扑Android客户端,0,,
765楼,2018/4/22 8:40,ddr3,假日不容易啊，被喷了半季垃圾合同发自虎扑iPhone客户端,0,,
766楼,2018/4/22 8:41,黑夜的纯白,holiday在holiday时间里，终于物极必反了呀发自虎扑Android客户端,0,,
767楼,2018/4/22 8:42,夜岚静,引用612楼 @克城玫瑰l 发表的:坐等裸奔键盘蒂，坐等一下发自虎扑iPhone客户端,2,,
768楼,2018/4/22 8:43,叫我皮尔斯,引用550楼 @古屋听秋 发表的:这图服了hhhh发自虎扑iPhone客户端,1,,
769楼,2018/4/22 8:43,别和我重名,水鸟真猛！！！第一个4比0发自手机虎扑 m.hupu.com,0,,
771楼,2018/4/22 8:43,CapRayconu,假日哥真的。。。把我打服了！发自手机虎扑 m.hupu.com,0,,
772楼,2018/4/22 8:43,其实丶落雨有乜好怕,引用22楼 @为何而存在 发表的:利指导啊，还是没有出现期待的利拉德时间，第四节看到的是杀红眼的阿米奴和CJ，利指导面对提前包夹显得都有点木了，攻防两端都毫无存在感。以前说到利拉德，第一印象就是永远不服不忿，打不过你也要咬你几口肉，这轮系列赛的利拉德真的让人失望啊。因为他进了全明星发自手机虎扑 m.hupu.com,27,,
773楼,2018/4/22 8:44,CptFrost,发自虎扑Android客户端,0,,
774楼,2018/4/22 8:44,无敌威少非常6,季后赛开始前你告诉我没有考神的水鸟能横扫利指导的拓荒我是根本不相信的。发自虎扑iPhone客户端,0,,
775楼,2018/4/22 8:44,七月飘雪,隆指导和假日牛逼！发自虎扑Android客户端,0,,
776楼,2018/4/22 8:45,小住葛,引用17楼 @灯泡最牛 发表的:经过一段时间的蛰伏，利拉德即将发布他的新专辑，专辑的歌曲有《新奥尔良的空袭》《假表》《假日的谎言》《剃了胡子的男人》《我的好友隆指导》敬请大家期待，还有5月份的巡回演唱会，大家不要错过利拉德透露，他最近一直在看一本书，书名叫《双层夹心三明治怎么做才好吃》真有才那我赐个专辑名《鹈鹕总冠军》发自手机虎扑 m.hupu.com,2,,
777楼,2018/4/22 8:45,狼王永远是加内特, 引用内容由于违规已被删除好好说话不行吗？拉出来立花美凉做什么？发自虎扑iPhone客户端,6,,
778楼,2018/4/22 8:45,yyk2347,炸了炸了，不服不行发自手机虎扑 m.hupu.com,0,,
779楼,2018/4/22 8:46,梨纸禾,霍勒迪节奏很6啊，左手也很好发自虎扑iPhone客户端,0,,
780楼,2018/4/22 8:46,ys_zk,引用17楼 @灯泡最牛 发表的:经过一段时间的蛰伏，利拉德即将发布他的新专辑，专辑的歌曲有《新奥尔良的空袭》《假表》《假日的谎言》《剃了胡子的男人》《我的好友隆指导》敬请大家期待，还有5月份的巡回演唱会，大家不要错过利拉德透露，他最近一直在看一本书，书名叫《双层夹心三明治怎么做才好吃》牛逼，牛逼。给大佬竖拇指！发自虎扑iPhone客户端,1,,
781楼,2018/4/22 8:47,lqf0927,安吕布!!!发自手机虎扑 m.hupu.com,0,,
782楼,2018/4/22 8:47,小小鱼小草莓,引用510楼 @荣骁 发表的:这命中率太抬举OK组合的K了下辈子都不可能有又是一个自以为是的撒比发自虎扑Android客户端,2,,
783楼,2018/4/22 8:47,费城名袖恩比德,引用17楼 @灯泡最牛 发表的:经过一段时间的蛰伏，利拉德即将发布他的新专辑，专辑的歌曲有《新奥尔良的空袭》《假表》《假日的谎言》《剃了胡子的男人》《我的好友隆指导》敬请大家期待，还有5月份的巡回演唱会，大家不要错过利拉德透露，他最近一直在看一本书，书名叫《双层夹心三明治怎么做才好吃》陈独秀同志请你坐下！！发自虎扑Android客户端,2,,
784楼,2018/4/22 8:47,扎克O拉文,后卫线不坑浓眉真的是可以为所欲为啊，隆多和假期的后场把利拉德安排的明明白白的发自虎扑Android客户端,0,,
785楼,2018/4/22 8:47,陈毒, 引用内容由于违规已被删除难道我和你们看的图不一样嘛，还在纳闷怎么这么高亮发自虎扑Android客户端,30,,
786楼,2018/4/22 8:47,寂寞滚球球123,鹕人总冠军！发自虎扑iPhone客户端,0,,
787楼,2018/4/22 8:47,学渣立在搞学习,引用612楼 @克城玫瑰l 发表的:坐等裸奔这是我科同学???西操等你哦发自虎扑Android客户端,14,,
788楼,2018/4/22 8:48,赤壁的入云龙,霍乐迪这简直大巨头啊发自虎扑Android客户端,0,,
789楼,2018/4/22 8:48,蓝是那么的天,告诉浓眉 第二轮小心渣渣 发自虎扑iPhone客户端,0,,
790楼,2018/4/22 8:49,德国大诺维茨基,没人吹霍勒迪，跟浓眉合砍88分。。发自虎扑iPhone客户端,0,,
791楼,2018/4/22 8:49,梦做,引用17楼 @灯泡最牛 发表的:经过一段时间的蛰伏，利拉德即将发布他的新专辑，专辑的歌曲有《新奥尔良的空袭》《假表》《假日的谎言》《剃了胡子的男人》《我的好友隆指导》敬请大家期待，还有5月份的巡回演唱会，大家不要错过利拉德透露，他最近一直在看一本书，书名叫《双层夹心三明治怎么做才好吃》这些都什么梗啊？发自虎扑iPhone客户端,1,,
793楼,2018/4/22 8:50,我的哥哥是gay伦,只有两个字送给鹈鹕！优秀！发自虎扑Android客户端,0,,
794楼,2018/4/22 8:50,虎扑维他命,开打前真是没想到.....恭喜鹈鹕发自虎扑iPhone客户端,0,,
795楼,2018/4/22 8:51,hakanchen,感觉我勇打鹈鹕有点虚啊发自手机虎扑 m.hupu.com,0,,
796楼,2018/4/22 8:51,大灰狠666,引用17楼 @灯泡最牛 发表的:经过一段时间的蛰伏，利拉德即将发布他的新专辑，专辑的歌曲有《新奥尔良的空袭》《假表》《假日的谎言》《剃了胡子的男人》《我的好友隆指导》敬请大家期待，还有5月份的巡回演唱会，大家不要错过利拉德透露，他最近一直在看一本书，书名叫《双层夹心三明治怎么做才好吃》《我的一个指导朋友》发自虎扑Android客户端,2,,
797楼,2018/4/22 8:52,裤有引力,引用459楼 @青_萤 发表的:哥，那人是我同学，那条回复是他朋友整他的。。。。中了就是神预测  不中就是同学整人666发自虎扑Android客户端,0,,
798楼,2018/4/22 8:52,kim-kim,霍乐迪是打脸打的最狠的那个，全面吊打对面锋卫群，谁也挡不住！发自虎扑iPhone客户端,0,,
800楼,2018/4/22 8:53,好汉不上山,引用520楼 @地球上的火星人1 发表的:之前在虎扑看到的   hh发自虎扑Android客户端,0,,
801楼,2018/4/22 8:53,lovelink,今年的总决难道是76vs鹈鹕？发自虎扑Android客户端,0,,
802楼,2018/4/22 8:53,君,引用7楼 @超级神登 发表的:有谁还记得那位信誓旦旦的裸奔兄弟呢？你在哪？@bryant8888,6,,
803楼,2018/4/22 8:54,钢笔自由,引用625楼 @壮哉我大隆多 发表的:这剧情我看过，有人动我开哥的电脑演示外挂！！！诶……要不大家上柱香再走……？卢姥爷生前也不是体面人，就不上香了。发自虎扑Android客户端,15,,
804楼,2018/4/22 8:55,忧伤的状元, 引用内容由于违规已被删除这特么什么情况？发自虎扑Android客户端,5,,
805楼,2018/4/22 8:55,jjjinf,利指导中看不中用发自虎扑Android客户端,0,,
806楼,2018/4/22 8:55,进一球浪一球,我还能说什么，鹈鹕总冠军发自虎扑Android客户端,0,,
807楼,2018/4/22 8:56,fioo,是时候揭开我30年新奥尔良大鹅球迷的身份了！,0,,
808楼,2018/4/22 8:56,灯泡最牛,引用708楼 @爱保罗cp3 发表的:他最近还在看一本新漫画 一眉超人这漫画挺好看的发自虎扑Android客户端,1,,
809楼,2018/4/22 8:57,忠韦一生3大爱库里,引用550楼 @古屋听秋 发表的:隆指导：这一轮安排的怎么样啊？发自虎扑Android客户端,3,,
810楼,2018/4/22 8:57,我火狠相当牛掰,王炸真厉害发自虎扑Android客户端,0,,
811楼,2018/4/22 8:57,932123020,本来觉得很有可能抢七的西部对决，没想到结局是这样的，开拓者休赛期来点动作吧，球队攻防都马马虎虎，这样下去在西部进季后赛每年最多二轮，很多时候可能只能一轮游发自虎扑Android客户端,0,,
812楼,2018/4/22 8:57,chengkai0708,引用12楼 @丰Jason 发表的:7点爬起来看第四节比赛精彩到让我困意全无相比前几场，开拓者状态不错了只不过AD和霍乐迪太强了吧，两人得分40+加上隆多和米罗蒂奇，鹈鹕这是组…组了四巨头？PS.好多JR回复我考神还在替补席上坐着呢，我要改口了，等他回归后就是鹈鹕五虎多多16助2失误，残暴的助攻失误比。。。发自虎扑iPhone客户端,5,,
813楼,2018/4/22 8:58,毛线小太郎,去年买的表，今年没电了发自虎扑iPhone客户端,0,,
814楼,2018/4/22 8:58,30or35,鹈鹕命中率57％也是厉害了发自虎扑Android客户端,0,,
815楼,2018/4/22 8:59,梅德基里,发现这支鹈鹕和11年夺冠的某队颇有类似之处，场上自带教练，以下克上实现横扫，有个mvp级别的内线...发自手机虎扑 m.hupu.com,0,,
816楼,2018/4/22 9:00,JeffVon,引用22楼 @为何而存在 发表的:利指导啊，还是没有出现期待的利拉德时间，第四节看到的是杀红眼的阿米奴和CJ，利指导面对提前包夹显得都有点木了，攻防两端都毫无存在感。以前说到利拉德，第一印象就是永远不服不忿，打不过你也要咬你几口肉，这轮系列赛的利拉德真的让人失望啊。一切从那个：我值得一阵开始，这下大米又要回炉再练了希望不要把心气给打没了,38,,
817楼,2018/4/22 9:01,太阳之子DB德文布克,隆指导牛逼发自虎扑iPhone客户端,0,,
818楼,2018/4/22 9:02,冷场少年,引用8楼 @东风乱舞 发表的:同场40+，整个系列赛浓眉和霍勒迪命中率在55%以上合砍60+，这就是传说中的OK组合吧？还有系列赛55%命中率拿18分的米罗蒂奇和13+助攻的朗多除了鹈鹕总冠军不知道还能说啥了！握草六六六，又是一个双鬼拍门组合啊发自虎扑Android客户端,0,,
819楼,2018/4/22 9:02,开车撞上贝多芬,引用12楼 @丰Jason 发表的:7点爬起来看第四节比赛精彩到让我困意全无相比前几场，开拓者状态不错了只不过AD和霍乐迪太强了吧，两人得分40+加上隆多和米罗蒂奇，鹈鹕这是组…组了四巨头？PS.好多JR回复我考神还在替补席上坐着呢，我要改口了，等他回归后就是鹈鹕五虎你应该注意的是鹈鹕有两个教练吧。发自虎扑Android客户端,1,,
820楼,2018/4/22 9:02,非常之所以,最被高估的球星利指导。发自手机虎扑 m.hupu.com,0,,
821楼,2018/4/22 9:03,大大大忽悠,开拓者让人失望，湖人让人惊喜，季后赛是检验球队整体实力的试金场，光靠一两个球星单打不行。发自虎扑Android客户端,0,,
822楼,2018/4/22 9:03,小胖哥儿,今天隆多吃T，让我想到这个瞬间。发自虎扑Android客户端,0,,
823楼,2018/4/22 9:03,NBA最强M威P,不说了。直接上图发自虎扑Android客户端,0,,
824楼,2018/4/22 9:04,Junsoneword,鹈鹕完成了下克上的横扫。后场隆指导霍乐迪攻防出色。内线米罗蒂奇浓眉稳定高效。期待鹈鹕第二轮给勇士的挑战。发自虎扑iPhone客户端,0,,
825楼,2018/4/22 9:04,dabao852,引用617楼 @换个角度去偷窥 发表的:系列赛4场结束了，那么是预测5场的差的远还是7场差的远？五场啊，相当于五场的预测鹈鹕赢一场，七场的赢三场发自虎扑Android客户端,0,,
826楼,2018/4/22 9:05,约翰尼费雪,引用612楼 @克城玫瑰l 发表的:坐等裸奔脚后跟想也知道这名字不是发帖者本人，估计坑的舍友……发自虎扑Android客户端,46,,
827楼,2018/4/22 9:05,恩彼得大帝,虽然开拓者输了，但是他们打球不脏，湖，蝴，猢算了发自虎扑Android客户端,0,,
828楼,2018/4/22 9:05,zzh34,引用12楼 @丰Jason 发表的:7点爬起来看第四节比赛精彩到让我困意全无相比前几场，开拓者状态不错了只不过AD和霍乐迪太强了吧，两人得分40+加上隆多和米罗蒂奇，鹈鹕这是组…组了四巨头？PS.好多JR回复我考神还在替补席上坐着呢，我要改口了，等他回归后就是鹈鹕五虎替补上还有个傻小子愤怒青年呢发自虎扑Android客户端,1,,
829楼,2018/4/22 9:06,料比,去尼玛的ESPN真爽发自虎扑Android客户端,1,,
830楼,2018/4/22 9:07,胖头飞鱼,真为勇士捏一把汗……发自虎扑iPhone客户端,0,,
831楼,2018/4/22 9:07,紫金无敌我科威武,引用8楼 @东风乱舞 发表的:同场40+，整个系列赛浓眉和霍勒迪命中率在55%以上合砍60+，这就是传说中的OK组合吧？还有系列赛55%命中率拿18分的米罗蒂奇和13+助攻的朗多除了鹈鹕总冠军不知道还能说啥了！如果考神还在我真的会说鹈鹕总冠军。可惜了。。。。。。。发自虎扑Android客户端,1,,
832楼,2018/4/22 9:08,mamamals,引用12楼 @丰Jason 发表的:7点爬起来看第四节比赛精彩到让我困意全无相比前几场，开拓者状态不错了只不过AD和霍乐迪太强了吧，两人得分40+加上隆多和米罗蒂奇，鹈鹕这是组…组了四巨头？PS.好多JR回复我考神还在替补席上坐着呢，我要改口了，等他回归后就是鹈鹕五虎发自虎扑Android客户端,13,,
834楼,2018/4/22 9:09,痛里呀凯痛,合砍88分，AJ组合牛逼啊发自虎扑iPhone客户端,0,,
835楼,2018/4/22 9:10,bloodinmay, 引用内容由于违规已被删除我300t的资源，免费送你了。发自虎扑Android客户端,4,,
836楼,2018/4/22 9:10,FM防守,以鹈鹕的状态，横扫勇士也不是什么问题发自虎扑Android客户端,0,,
837楼,2018/4/22 9:11,丰Jason,引用812楼 @chengkai0708 发表的:多多16助2失误，残暴的助攻失误比。。。季后赛隆多～发自虎扑iPhone客户端,0,,
838楼,2018/4/22 9:11,MKpaladin,不开玩笑，看这阵势，醍醐总冠军！发自虎扑Android客户端,0,,
839楼,2018/4/22 9:11,花落花开会有时丶,引用17楼 @灯泡最牛 发表的:经过一段时间的蛰伏，利拉德即将发布他的新专辑，专辑的歌曲有《新奥尔良的空袭》《假表》《假日的谎言》《剃了胡子的男人》《我的好友隆指导》敬请大家期待，还有5月份的巡回演唱会，大家不要错过利拉德透露，他最近一直在看一本书，书名叫《双层夹心三明治怎么做才好吃》腰椎间盘同志，你今天太突出了！发自虎扑Android客户端,2,,
841楼,2018/4/22 9:12,03状元LeBron,引用2楼 @凯尔特加油 发表的:第一支晋级第二轮的球队，成功团灭ESPN预测团!恭喜鹈鹕!浓眉和霍哥俩人各40+，各自职业生涯季后赛得分新高!恭喜！多多又准三双，差评!另外开拓者有点惨啊，季后赛10连败了。鹕剑总冠军！发自虎扑Android客户端,2,,
842楼,2018/4/22 9:12,只认姚明的火箭粉,一切从一到季后赛就抽风的隆教练开始。。。。发自虎扑iPhone客户端,0,,
843楼,2018/4/22 9:13,扇子执着,引用12楼 @丰Jason 发表的:7点爬起来看第四节比赛精彩到让我困意全无相比前几场，开拓者状态不错了只不过AD和霍乐迪太强了吧，两人得分40+加上隆多和米罗蒂奇，鹈鹕这是组…组了四巨头？PS.好多JR回复我考神还在替补席上坐着呢，我要改口了，等他回归后就是鹈鹕五虎隆多确实是厉害发自虎扑Android客户端,1,,
844楼,2018/4/22 9:13,老流氓威武,引用2楼 @凯尔特加油 发表的:第一支晋级第二轮的球队，成功团灭ESPN预测团!恭喜鹈鹕!浓眉和霍哥俩人各40+，各自职业生涯季后赛得分新高!恭喜！多多又准三双，差评!另外开拓者有点惨啊，季后赛10连败了。我刺正在追赶拓拓的脚步，已经7连败了发自虎扑Android客户端,5,,
845楼,2018/4/22 9:14,戴着眼镜看球,恭喜考辛斯第一次季后赛之旅就横扫对方晋级发自手机虎扑 m.hupu.com,0,,
846楼,2018/4/22 9:14,序猿_布莱恩特,引用22楼 @为何而存在 发表的:利指导啊，还是没有出现期待的利拉德时间，第四节看到的是杀红眼的阿米奴和CJ，利指导面对提前包夹显得都有点木了，攻防两端都毫无存在感。以前说到利拉德，第一印象就是永远不服不忿，打不过你也要咬你几口肉，这轮系列赛的利拉德真的让人失望啊。季后赛真的是拼巨星啊，这样看来利指导没有进全明星还是有道理的发自虎扑iPhone客户端,29,,
848楼,2018/4/22 9:15,麦哲驴,引用22楼 @为何而存在 发表的:利指导啊，还是没有出现期待的利拉德时间，第四节看到的是杀红眼的阿米奴和CJ，利指导面对提前包夹显得都有点木了，攻防两端都毫无存在感。以前说到利拉德，第一印象就是永远不服不忿，打不过你也要咬你几口肉，这轮系列赛的利拉德真的让人失望啊。边缘全明星水平嘛发自虎扑iPhone客户端,8,,
849楼,2018/4/22 9:17,刮风时打伞,引用30楼 @这节课好久 发表的:看到比赛结果，第一时间想到的就是这图。发自手机虎扑 m.hupu.com,5,,
850楼,2018/4/22 9:17,ackong,季后赛是检验巨星的舞台，利拉德和戴维斯之间，差了一个大大的假日发自虎扑Android客户端,0,,
851楼,2018/4/22 9:17,hordenan,谁能想到……发自虎扑iPhone客户端,0,,
852楼,2018/4/22 9:18,荣骁,引用750楼 @Gala000 发表的:劳动节要到了，记得腾出点吃屎的时间给你婊 子妈扫个墓你妈接客太敬业，已经快被艹死了，你还有时间上网发自虎扑Android客户端,0,,
853楼,2018/4/22 9:18,小丑鱼bobo,引用627楼 @库里干了洛瑞也干了 发表的:这就是明星和巨星的差别吧，利指导必须练无球了，另外拓荒必须夏天选几个会持球的锋线特纳就是会持球的锋线啊…可惜发自虎扑Android客户端,2,,
854楼,2018/4/22 9:19,Rhaegarn, 引用内容由于违规已被删除我看到的图是A片资源啊……发自虎扑iPhone客户端,3,,
855楼,2018/4/22 9:20,刘_秀,勇蜜不是很开心-发自虎扑iPhone客户端,0,,
856楼,2018/4/22 9:20,足球比较喜欢穆里尼奥,引用2楼 @凯尔特加油 发表的:第一支晋级第二轮的球队，成功团灭ESPN预测团!恭喜鹈鹕!浓眉和霍哥俩人各40+，各自职业生涯季后赛得分新高!恭喜！多多又准三双，差评!另外开拓者有点惨啊，季后赛10连败了。我靠，迎面横着走过来的是鹈鹕队的球迷，大家快让一让发自虎扑Android客户端,6,,
857楼,2018/4/22 9:21,JXY只要心够决,利拉德这个系列赛打得真心是不行啊发自虎扑iPhone客户端,0,,
858楼,2018/4/22 9:22,ylxc09,引用12楼 @丰Jason 发表的:7点爬起来看第四节比赛精彩到让我困意全无相比前几场，开拓者状态不错了只不过AD和霍乐迪太强了吧，两人得分40+加上隆多和米罗蒂奇，鹈鹕这是组…组了四巨头？PS.好多JR回复我考神还在替补席上坐着呢，我要改口了，等他回归后就是鹈鹕五虎那考神回归的时候，5巨头？大球时代回归？,1,,
859楼,2018/4/22 9:22,LBJ请带领骑士夺冠,引用8楼 @东风乱舞 发表的:同场40+，整个系列赛浓眉和霍勒迪命中率在55%以上合砍60+，这就是传说中的OK组合吧？还有系列赛55%命中率拿18分的米罗蒂奇和13+助攻的朗多除了鹈鹕总冠军不知道还能说啥了！都快合砍90了发自虎扑Android客户端,0,,
860楼,2018/4/22 9:22,hc-js8023,这就是去年有朗多的公牛版 太厉害了  浓眉超巨 fmvp,0,,
861楼,2018/4/22 9:26,ka_son,鹈鹕一直给ESPN砖家感觉季后赛就是一鹌鹑，这回鹌鹑变凤凰了！发自虎扑iPhone客户端,0,,
862楼,2018/4/22 9:26,霜无月,还记得赛季初的霍勒迪被大家调侃，讲一个恐怖故事，霍勒迪还有两年合同发自虎扑iPhone客户端,0,,
863楼,2018/4/22 9:26,RexHo,引用251楼 @火力要全开 发表的:浓眉季后赛新高值得吹，你假日哥存在感爆棚，但我仍然要吹一波朗指导！！今儿16个助攻2个失误！外加7分7板加场上教练buff！不算今天这场，季后赛场均12.7分+12.3助攻+7.7篮板！！多指导牛批――“你看我挪唬俊碧长了不看。,0,,
864楼,2018/4/22 9:26,KYamazing,假日和浓眉有点猛啊,0,,
865楼,2018/4/22 9:27,律师Alan,我勇瑟瑟发抖发自虎扑iPhone客户端,0,,
866楼,2018/4/22 9:27,lmj92,引用625楼 @壮哉我大隆多 发表的:这剧情我看过，有人动我开哥的电脑演示外挂！！！诶……要不大家上柱香再走……？顶你上去，主要是顶你的id发自虎扑Android客户端,6,,
867楼,2018/4/22 9:28,巴神的寂寞,鹈鹕牛逼，第一个晋级的发自手机虎扑 m.hupu.com,0,,
868楼,2018/4/22 9:28,2号传奇丶莱昂纳德,引用12楼 @丰Jason 发表的:7点爬起来看第四节比赛精彩到让我困意全无相比前几场，开拓者状态不错了只不过AD和霍乐迪太强了吧，两人得分40+加上隆多和米罗蒂奇，鹈鹕这是组…组了四巨头？PS.好多JR回复我考神还在替补席上坐着呢，我要改口了，等他回归后就是鹈鹕五虎不要忘了还有大表妹没上呢发自虎扑Android客户端,1,,
869楼,2018/4/22 9:29,ka_son,朗多：跪下叫爸爸！垃圾兄弟跪下了，说：爸爸！朗多：不是说你们！我叫espn那班砖家！发自虎扑iPhone客户端,1,,
870楼,2018/4/22 9:29,Thankmelater,引用473楼 @来个三连冠玩玩 发表的:多多：你再说一遍？   tx真特么像动车不让吃泡面那女的发自虎扑Android客户端,0,,
871楼,2018/4/22 9:30,mikeay,提湖人总冠军？？发自虎扑Android客户端,0,,
872楼,2018/4/22 9:30,Jasonkide,引用8楼 @东风乱舞 发表的:同场40+，整个系列赛浓眉和霍勒迪命中率在55%以上合砍60+，这就是传说中的OK组合吧？还有系列赛55%命中率拿18分的米罗蒂奇和13+助攻的朗多除了鹈鹕总冠军不知道还能说啥了！KO组合zszs发自虎扑Android客户端,0,,
874楼,2018/4/22 9:31,弱谀z,隆多老了不行了底薪加盟能干嘛传球好不一定有上场时间隆多真牛逼发自虎扑Android客户端,0,,
875楼,2018/4/22 9:32,雷霸龙詹姆士1,引用55楼 @XJBD二师兄 发表的:浓眉，霍乐迪。。。。多的不说了，双40牛逼多也要吹啊发自虎扑iPhone客户端,0,,
876楼,2018/4/22 9:33,灯光师托尼,引用30楼 @这节课好久 发表的:以后有你能有xx懂球系列可以把这张图甩给他了发自虎扑Android客户端,7,,
877楼,2018/4/22 9:33,0jack,有隆多真的是为所欲为，全队都大变样，谁能想到横扫开拓者……发自虎扑iPhone客户端,1,,
878楼,2018/4/22 9:34,库里莱利宝贝,这轮系列赛浓眉和霍乐迪在攻防两段超巨表现发自手机虎扑 m.hupu.com,0,,
879楼,2018/4/22 9:34,cyycjh,鹕人总冠军!发自手机虎扑 m.hupu.com,0,,
880楼,2018/4/22 9:34,linhua123,被勇士四比零的利拉德都不是这样的,0,,
881楼,2018/4/22 9:35,起名起一宿,牛逼！牛逼！隆导这几场给对安排的明明白白，浓眉、霍哥真是躯体抱膝空中转体720度的稳啊！发自虎扑Android客户端,0,,
882楼,2018/4/22 9:35,吃苹果的梨子,看了开拓者的数据第一反应是这怎么可能输，再看了一眼鹈鹕的数据。。。好吧，鹈鹕总冠军！浓眉FMVP！发自虎扑iPhone客户端,0,,
883楼,2018/4/22 9:35,烽烟九万里,引用510楼 @荣骁 发表的:这命中率太抬举OK组合的K了下辈子都不可能有石乐志？自己去看看00-03的比赛行吗？发自虎扑iPhone客户端,2,,
884楼,2018/4/22 9:37,Yggrasil,引用8楼 @东风乱舞 发表的:同场40+，整个系列赛浓眉和霍勒迪命中率在55%以上合砍60+，这就是传说中的OK组合吧？还有系列赛55%命中率拿18分的米罗蒂奇和13+助攻的朗多除了鹈鹕总冠军不知道还能说啥了！叫AJ组合是不是觉得高大上？发自手机虎扑 m.hupu.com,0,,
885楼,2018/4/22 9:37,丰Jason,引用868楼 @2号传奇丶莱昂纳德 发表的:不要忘了还有大表妹没上呢坐等下赛季考神伤愈回归～发自虎扑iPhone客户端,0,,
886楼,2018/4/22 9:39,但是要微笑,引用612楼 @克城玫瑰l 发表的:坐等裸奔@bryant8888发自虎扑Android客户端,8,,
887楼,2018/4/22 9:39,奈一笑,这组合实力没谁了，勇士有压力了发自虎扑Android客户端,0,,
888楼,2018/4/22 9:40,有一种体系叫勇士队,只想对利拉德说一句:别吃素了……你还能赢回来发自虎扑Android客户端,0,,
889楼,2018/4/22 9:41,不懂球小孩,引用30楼 @这节课好久 发表的:这个预测就很骚了啊发自虎扑Android客户端,2,,
890楼,2018/4/22 9:42,不懂球小孩,引用22楼 @为何而存在 发表的:利指导啊，还是没有出现期待的利拉德时间，第四节看到的是杀红眼的阿米奴和CJ，利指导面对提前包夹显得都有点木了，攻防两端都毫无存在感。以前说到利拉德，第一印象就是永远不服不忿，打不过你也要咬你几口肉，这轮系列赛的利拉德真的让人失望啊。阵容克制，利拉德这轮感觉被打服了，发自虎扑Android客户端,13,,
892楼,2018/4/22 9:47,非鳕联添, 引用内容可能违规暂时被隐藏为什么我只看到黄图了？他说啥了？发自虎扑Android客户端,0,,
893楼,2018/4/22 9:49,Change_豺狼笑, 引用内容由于违规已被删除现在的黄图都这么流弊的吗，高亮后换图？发自虎扑Android客户端,27,,
894楼,2018/4/22 9:50,我敬哥,霍勒迪崛起的太帕666发自虎扑iPhone客户端,0,,
895楼,2018/4/22 9:51,A_Laker,引用17楼 @灯泡最牛 发表的:经过一段时间的蛰伏，利拉德即将发布他的新专辑，专辑的歌曲有《新奥尔良的空袭》《假表》《假日的谎言》《剃了胡子的男人》《我的好友隆指导》敬请大家期待，还有5月份的巡回演唱会，大家不要错过利拉德透露，他最近一直在看一本书，书名叫《双层夹心三明治怎么做才好吃》这是我看到过的最含蓄 但又机具讽刺性的回复  嘲讽但又不失幽默的回复 发自虎扑Android客户端,2,,
896楼,2018/4/22 9:52,wanyaoekc,如果考辛斯换伦纳德，配现在这支鹈鹕，绝对是总冠军阵容。内线双塔感觉是1+1＜2的组合。,1,,
897楼,2018/4/22 9:52,帽子反戴才好看,奈何敌军有高达发自虎扑Android客户端,0,,
899楼,2018/4/22 10:00,咖喱咖喱棒棒棒,引用17楼 @灯泡最牛 发表的:经过一段时间的蛰伏，利拉德即将发布他的新专辑，专辑的歌曲有《新奥尔良的空袭》《假表》《假日的谎言》《剃了胡子的男人》《我的好友隆指导》敬请大家期待，还有5月份的巡回演唱会，大家不要错过利拉德透露，他最近一直在看一本书，书名叫《双层夹心三明治怎么做才好吃》Adidas应该把利拉德的球鞋合同给holiday发自虎扑Android客户端,1,,
900楼,2018/4/22 10:00,C小冰,引用7楼 @超级神登 发表的:有谁还记得那位信誓旦旦的裸奔兄弟呢？你在哪？哈哈，虽然很想看他裸奔，不过首先得证明那个号主跟所写的名字是同一个人吧・・・万一是被乱用的名字就尴尬了。,6,,
901楼,2018/4/22 10:02,但使洛城飞将在,最可怕的是还让了一个考辛斯发自虎扑Android客户端,1,,
902楼,2018/4/22 10:03,蛋淡的,金州勇士你颤抖了吗！！！！发自虎扑iPhone客户端,0,,
903楼,2018/4/22 10:03,超级神登,引用900楼 @C小冰 发表的:哈哈，虽然很想看他裸奔，不过首先得证明那个号主跟所写的名字是同一个人吧・・・万一是被乱用的名字就尴尬了。其实大家也别搞得那么较真，就图一乐嘛！毕竟和谐社会。发自虎扑Android客户端,2,,
904楼,2018/4/22 10:04,长河落美元,作为勇蜜，我开始有压力了。。。发自虎扑iPhone客户端,0,,
905楼,2018/4/22 10:04,_Binger,鹈鹕总冠军！！！发自虎扑iPhone客户端,0,,
906楼,2018/4/22 10:04,源重盛,假日哥对不起！,0,,
907楼,2018/4/22 10:04,寂寞中沸腾,引用510楼 @荣骁 发表的:这命中率太抬举OK组合的K了下辈子都不可能有可把你牛逼坏了 火蜜可真tm膨胀啊 说的你家球星超过k了一样发自虎扑iPhone客户端,2,,
908楼,2018/4/22 10:04,卢就是鲈鱼,看到了螺丝和今天韦德的表现！卢的脸，啪啪啪啪啪啪啪啪啪发自虎扑Android客户端,0,,
909楼,2018/4/22 10:05,汕大工学院,鹈鹕总冠军？发自虎扑iPhone客户端,0,,
910楼,2018/4/22 10:05,JeffVon,引用815楼 @梅德基里 发表的:发现这支鹈鹕和11年夺冠的某队颇有类似之处，场上自带教练，以下克上实现横扫，有个mvp级别的内线...这阵容不够的，小前位置太弱了这轮刚好对面锋卫摇摆人也是菜而已,0,,
911楼,2018/4/22 10:06,古铁当当,霍哥NB。。。,0,,
912楼,2018/4/22 10:06,纯黑领结丶, 引用内容可能违规暂时被隐藏他说了什么?发自虎扑Android客户端,0,,
914楼,2018/4/22 10:06,酱油先生孝恩爸爸,一场比赛两个四十分，比较近的印象是詹姆斯和欧文。 话说这个朗指导真的骚啊，季后赛防守进攻都让你吃一壶。发自虎扑iPhone客户端,0,,
915楼,2018/4/22 10:06,起名起一宿,引用30楼 @这节课好久 发表的:用最短的时间打最多人的脸发自虎扑Android客户端,5,,
916楼,2018/4/22 10:06,纯黑领结丶, 引用内容可能违规暂时被隐藏他说了啥？发自虎扑Android客户端,0,,
917楼,2018/4/22 10:06,nessis,客观的说，这场开拓者打得很出色了～但鹈鹕更强！发自虎扑Android客户端,0,,
918楼,2018/4/22 10:07,Olysses,看了下集锦，隆多出球太漂亮了，洞穿一切。假日单打也无解，浓眉整个一防守爆表版巅峰小斯发自虎扑iPhone客户端,0,,
919楼,2018/4/22 10:08,奥拉德勒,引用17楼 @灯泡最牛 发表的:经过一段时间的蛰伏，利拉德即将发布他的新专辑，专辑的歌曲有《新奥尔良的空袭》《假表》《假日的谎言》《剃了胡子的男人》《我的好友隆指导》敬请大家期待，还有5月份的巡回演唱会，大家不要错过利拉德透露，他最近一直在看一本书，书名叫《双层夹心三明治怎么做才好吃》你真是个人才发自手机虎扑 m.hupu.com,1,,
920楼,2018/4/22 10:09,jxzr2002,砖家们全被打脸啪啪啪啪啪啪发自虎扑Android客户端,0,,
921楼,2018/4/22 10:10,说话很文明,引用892楼 @非鳕联添 发表的:为什么我只看到黄图了？他说啥了？现在的黄图哥套路好深啊，前面说了句利拉德打假球，骗亮后换成黄图了。。。。发自虎扑Android客户端,1,,
922楼,2018/4/22 10:10,戴非羽,引用625楼 @壮哉我大隆多 发表的:这剧情我看过，有人动我开哥的电脑演示外挂！！！诶……要不大家上柱香再走……？不是吐口痰再走？发自虎扑Android客户端,6,,
923楼,2018/4/22 10:11,海豹偷机队,承认吧，我们低估了这支鹈鹕，今年西部很精彩发自虎扑Android客户端,0,,
924楼,2018/4/22 10:12,科黑JJ小,引用612楼 @克城玫瑰l 发表的:坐等裸奔啥时候裸奔 我去现场支持一下发自虎扑iPhone客户端,1,,
925楼,2018/4/22 10:12,潮州高级中学保罗乔治, 引用内容由于违规已被删除黄图哥牛逼。。发自虎扑Android客户端,7,,
926楼,2018/4/22 10:12,波士顿海沃德,引用251楼 @火力要全开 发表的:浓眉季后赛新高值得吹，你假日哥存在感爆棚，但我仍然要吹一波朗指导！！今儿16个助攻2个失误！外加7分7板加场上教练buff！不算今天这场，季后赛场均12.7分+12.3助攻+7.7篮板！！多指导牛批――“你看我挪唬俊辈豢矗晕针！发自虎扑Android客户端,0,,
927楼,2018/4/22 10:12,炸铁詹宁斯,关键是还让了个联盟第一中锋发自手机虎扑 m.hupu.com,0,,
928楼,2018/4/22 10:13,zengyubo00,HD组合牛，鹕人总冠军！发自虎扑iPhone客户端,0,,
929楼,2018/4/22 10:14,姚小Sam,真的感觉鹈鹕的阵容太克制开拓者了....要是考神也在...我天...发自虎扑iPhone客户端,0,,
930楼,2018/4/22 10:14,塞西cecii,你好，假日来电！发自虎扑iPhone客户端,0,,
931楼,2018/4/22 10:14,l龙海m,想不到啊！利指导第一次让我失望。祝贺鹈鹕，祝贺浓眉假日隆指导醍醐灌顶鹈鹕总冠军,0,,
932楼,2018/4/22 10:16,DPOY卡戴姗,引用612楼 @克城玫瑰l 发表的:坐等裸奔武汉理工大学求围观发自虎扑iPhone客户端,1,,
933楼,2018/4/22 10:16,轩萱,恭喜鹈鹕，下一轮也继续加油发自虎扑Android客户端,0,,
934楼,2018/4/22 10:18,conanhy,厦门中山公园水鸟发来贺电发自虎扑iPhone客户端,0,,
935楼,2018/4/22 10:19,胖头飞鱼,早些回家带儿子，其实也蛮好，明年再来，还是一条好汉。发自虎扑iPhone客户端,0,,
936楼,2018/4/22 10:19,Wen小油,西部第三首轮被西部第六横扫发自手机虎扑 m.hupu.com,0,,
937楼,2018/4/22 10:19,举起手来i,米罗蒂奇出手少我想应该是被针对了吧....我没看比赛别喷我发自虎扑Android客户端,0,,
938楼,2018/4/22 10:21,518wuyibo,霍乐迪：告诉你们，老子拿大合同不是因为挡过子弹，而是因为老子真的值发自虎扑Android客户端,0,,
939楼,2018/4/22 10:24,气宇轩昂323,引用12楼 @丰Jason 发表的:7点爬起来看第四节比赛精彩到让我困意全无相比前几场，开拓者状态不错了只不过AD和霍乐迪太强了吧，两人得分40+加上隆多和米罗蒂奇，鹈鹕这是组…组了四巨头？PS.好多JR回复我考神还在替补席上坐着呢，我要改口了，等他回归后就是鹈鹕五虎联盟第一大前锋安东尼戴维斯，第一中锋考辛斯，最聪明的后卫之一隆多，最符合现代潮流的锋线之一米罗蒂奇，顶级双能卫霍乐迪，鹈鹕未来可期！发自虎扑Android客户端,3,,
940楼,2018/4/22 10:25,lAlan8,引用8楼 @东风乱舞 发表的:同场40+，整个系列赛浓眉和霍勒迪命中率在55%以上合砍60+，这就是传说中的OK组合吧？还有系列赛55%命中率拿18分的米罗蒂奇和13+助攻的朗多除了鹈鹕总冠军不知道还能说啥了！别 还比不上ok 先进总决赛再说 进了后再夺冠再说 还得三连冠 开创鹈鹕王朝的时候再来和ok比较吧发自虎扑iPhone客户端,1,,
941楼,2018/4/22 10:26,Kobe960228,引用22楼 @为何而存在 发表的:利指导啊，还是没有出现期待的利拉德时间，第四节看到的是杀红眼的阿米奴和CJ，利指导面对提前包夹显得都有点木了，攻防两端都毫无存在感。以前说到利拉德，第一印象就是永远不服不忿，打不过你也要咬你几口肉，这轮系列赛的利拉德真的让人失望啊。毕竟打的不是勇士，，，要是勇士没准还能抢1场。发自虎扑Android客户端,13,,
942楼,2018/4/22 10:27,f16yeah, 引用内容由于违规已被删除我看到的和大家的不一样，h版hupu？发自虎扑iPhone客户端,3,,
943楼,2018/4/22 10:27,haotoby,espn还真懂球啊发自手机虎扑 m.hupu.com,0,,
945楼,2018/4/22 10:28,韶关胡歌,最后还是要吹一下隆多，那传球小贼鸡儿厉害发自虎扑iPhone客户端,0,,
946楼,2018/4/22 10:29,ManHeartC,引用251楼 @火力要全开 发表的:浓眉季后赛新高值得吹，你假日哥存在感爆棚，但我仍然要吹一波朗指导！！今儿16个助攻2个失误！外加7分7板加场上教练buff！不算今天这场，季后赛场均12.7分+12.3助攻+7.7篮板！！多指导牛批――“你看我挪唬俊弊魑一个中锋，7.7板还不够出色啊……发自虎扑Android客户端,0,,
947楼,2018/4/22 10:30,wujihuahai,季后赛之前说在避开雷霆，现在看鹈鹕很有抢戏的意思啊 ,0,,
948楼,2018/4/22 10:32,guitarelf,天哪，不知道考辛斯回来，这只鹈鹕的上限在哪里？西鹈鹕东76？联盟新贵出现了,0,,
949楼,2018/4/22 10:33,辛二傻,引用17楼 @灯泡最牛 发表的:经过一段时间的蛰伏，利拉德即将发布他的新专辑，专辑的歌曲有《新奥尔良的空袭》《假表》《假日的谎言》《剃了胡子的男人》《我的好友隆指导》敬请大家期待，还有5月份的巡回演唱会，大家不要错过利拉德透露，他最近一直在看一本书，书名叫《双层夹心三明治怎么做才好吃》除了夸你还能怎样？发自虎扑Android客户端,1,,
950楼,2018/4/22 10:33,好男儿科比,holiday41分。。。我真想不到有今天发自手机虎扑 m.hupu.com,0,,
951楼,2018/4/22 10:34,usuky,浓眉牛鼻 前三场浓眉标准发挥一般 这场必须吹了  假日哥也牛鼻  三分球命中率其实已经失常了  40分基本是单挑一个个凿进去的 季后赛隆指导带来的是总冠军气质  实力还不够但是气质有了发自虎扑Android客户端,0,,
953楼,2018/4/22 10:38,出轨并卧轨,西部季后赛真的不可思议，赛前完全不被看好的鹈鹕居然横扫了开拓者发自虎扑iPhone客户端,0,,
954楼,2018/4/22 10:39,牛铃儿的KG,双40+，上次看到这个数据还是16的骑士击败勇士的总决赛。真是未来可期！发自虎扑Android客户端,0,,
955楼,2018/4/22 10:42,凯尔特人新援绿珊军,引用741楼 @黑白格子812 发表的:你是有多讨厌利拉德啊，这般嘲讽杠精        发自虎扑iPhone客户端,0,,
956楼,2018/4/22 10:42,说唱之神JAYZ, 引用内容由于违规已被删除这种一般是先抢前排发表观点被高亮，然后编辑成图片打广告发自虎扑Android客户端,3,,
957楼,2018/4/22 10:44,公众瑞,引用510楼 @荣骁 发表的:这命中率太抬举OK组合的K了下辈子都不可能有请您看看砍过高分的几场的命中率 自带点亮团？发自虎扑iPhone客户端,1,,
958楼,2018/4/22 10:46,执手覆云雨,引用510楼 @荣骁 发表的:这命中率太抬举OK组合的K了下辈子都不可能有举举例子打你脸？老科命中率55以上拿40+没见过？发自虎扑iPhone客户端,1,,
959楼,2018/4/22 10:48,浣熊室友,卧槽，niping啊发自虎扑Android客户端,0,,
960楼,2018/4/22 10:48,请叫我家里蹲,假日哥怕是到六月初都没有假日喽发自虎扑Android客户端,0,,
961楼,2018/4/22 10:50,qazzaq916,引用503楼 @一品家木门 发表的:感觉那些篮球专家和咱们球迷差不多啊。都是基于球队现状进行的预测（猜测？）他们掌握更多的资源数据，更多的经验，但是篮球比赛充满不确定因素，预测错了也很正常发自虎扑iPhone客户端,0,,
962楼,2018/4/22 10:51,肥妹看球,可惜了拓荒者，0-4真的是被打服，下年继续补强吧！浓眉要带队去创造奇迹了，表妹就真尴尬了～发自虎扑Android客户端,0,,
963楼,2018/4/22 10:52,走的狐,鹕人总冠军！！！发自虎扑iPhone客户端,0,,
964楼,2018/4/22 10:56,二十年瓜蜜,引用777楼 @狼王永远是加内特 发表的:好好说话不行吗？拉出来立花美凉做什么？老司机哈哈哈哈哈哈哈哈哈发自虎扑iPhone客户端,0,,
965楼,2018/4/22 10:57,fangxin9319,引用251楼 @火力要全开 发表的:浓眉季后赛新高值得吹，你假日哥存在感爆棚，但我仍然要吹一波朗指导！！今儿16个助攻2个失误！外加7分7板加场上教练buff！不算今天这场，季后赛场均12.7分+12.3助攻+7.7篮板！！多指导牛批――“你看我挪唬俊辈豢矗晕针？发自虎扑iPhone客户端,0,,
966楼,2018/4/22 10:59,每天练练,为什么第四场都打完了？,0,,
967楼,2018/4/22 11:01,Rnight丶,引用17楼 @灯泡最牛 发表的:经过一段时间的蛰伏，利拉德即将发布他的新专辑，专辑的歌曲有《新奥尔良的空袭》《假表》《假日的谎言》《剃了胡子的男人》《我的好友隆指导》敬请大家期待，还有5月份的巡回演唱会，大家不要错过利拉德透露，他最近一直在看一本书，书名叫《双层夹心三明治怎么做才好吃》是真的皮啊发自虎扑Android客户端,1,,
968楼,2018/4/22 11:04,Johnny_Lee,鹈鹕真的厉害呀！~,0,,
969楼,2018/4/22 11:04,昶旭哥,引用510楼 @荣骁 发表的:这命中率太抬举OK组合的K了下辈子都不可能有总有人来挑口水？不黑会死？发自虎扑iPhone客户端,1,,
970楼,2018/4/22 11:04,出售正宗铁观音,引用251楼 @火力要全开 发表的:浓眉季后赛新高值得吹，你假日哥存在感爆棚，但我仍然要吹一波朗指导！！今儿16个助攻2个失误！外加7分7板加场上教练buff！不算今天这场，季后赛场均12.7分+12.3助攻+7.7篮板！！多指导牛批――“你看我挪唬俊辈豢础Ｓ惺裁春每吹模,0,,
971楼,2018/4/22 11:05,mageta,引用17楼 @灯泡最牛 发表的:经过一段时间的蛰伏，利拉德即将发布他的新专辑，专辑的歌曲有《新奥尔良的空袭》《假表》《假日的谎言》《剃了胡子的男人》《我的好友隆指导》敬请大家期待，还有5月份的巡回演唱会，大家不要错过利拉德透露，他最近一直在看一本书，书名叫《双层夹心三明治怎么做才好吃》怎么能没有《浓眉大眼》这首歌？发自虎扑iPhone客户端,1,,
972楼,2018/4/22 11:09,四子棋十级学者,毕竟季后赛多发自虎扑Android客户端,0,,
973楼,2018/4/22 11:10,摩登佬,引用8楼 @东风乱舞 发表的:同场40+，整个系列赛浓眉和霍勒迪命中率在55%以上合砍60+，这就是传说中的OK组合吧？还有系列赛55%命中率拿18分的米罗蒂奇和13+助攻的朗多除了鹈鹕总冠军不知道还能说啥了！我看好鹈鹕淘汰勇士，然后，鹈鹕总冠军发自虎扑iPhone客户端,0,,
974楼,2018/4/22 11:11,mageta,引用638楼 @威廉铁柱 发表的:三巨头合砍83分，其中詹皇和欧文合砍81分。想到了科比81分之夜，库克那句著名的：“今晚我和科比合砍83分”发自虎扑iPhone客户端,0,,
975楼,2018/4/22 11:14,yellowwenj,隆执导牛逼，看看到时候跟勇士打得多激烈了发自虎扑iPhone客户端,0,,
976楼,2018/4/22 11:15,肖t博,还记得多年前一个典故…………戴维斯打谁都是错位，利拉德遇到了两个防守B+的后卫，隆多和霍乐迪身高力量速度都不吃亏，突进去走戴维斯，这轮打的十分难受赵本山：那是憋的相～当~难受了发自虎扑Android客户端,1,,
977楼,2018/4/22 11:17,把地球头巾篮筐,浓眉真厉害！没有伤病的话以后联盟前几名应该发自虎扑iPhone客户端,0,,
978楼,2018/4/22 11:19,雷霆名宿泡椒先生,威少发表言论以后利拉德的球迷们呢？都消失了？发自虎扑iPhone客户端,0,,
979楼,2018/4/22 11:19,yujian23,鹈鹕打的太漂亮了，几大球星都发挥太好了！,0,,
980楼,2018/4/22 11:19,布莱恩mac,引用510楼 @荣骁 发表的:这命中率太抬举OK组合的K了下辈子都不可能有虽然k有过，但是懂你意思，k垃圾，毕竟像你这样眼瞎的人一辈子都是看不见的发自虎扑iPhone客户端,0,,
981楼,2018/4/22 11:21,黑树眼镜蛇,浓眉现在的水平，就是现役联盟第一的水平。完美的静态身体天赋，完美的进攻技术，完美的防守。还有霍勒迪今天有两个个人单打，那急停和晃动，看愣了，那种动作只有曾经的科比 韦德做的出来。,1,,
982楼,2018/4/22 11:23,石头石头41,引用30楼 @这节课好久 发表的:这些个记者真的懂球么？发自虎扑iPhone客户端,0,,
983楼,2018/4/22 11:24,io东东oi,不应该黑cj 利拉德季后赛的表现一直都不好 （除了绝杀火箭） 发自虎扑iPhone客户端,0,,
985楼,2018/4/22 11:27,侯庄艾弗森,上一对砍下四十加的俩人是谁？隆多牛逼，霍乐迪牛逼，戴维斯牛逼，鹈鹕牛逼逼逼！！！发自虎扑iPhone客户端,0,,
986楼,2018/4/22 11:27,鳄霸霸, 引用内容由于违规已被删除为什么黄图这么多人亮。。发自虎扑Android客户端,0,,
987楼,2018/4/22 11:27,铁匠封神,恭喜鹈鹕进第二轮发自虎扑Android客户端,1,,
988楼,2018/4/22 11:27,五冠卡哇伊,引用612楼 @克城玫瑰l 发表的:坐等裸奔哈哈！同在武汉求围观发自虎扑Android客户端,2,,
989楼,2018/4/22 11:28,千骑颂伊,利拉德一到店，所有喝酒的球员便都看着他笑，有的叫道，“利拉德，你季后赛又输球了！”他不回答，对柜里说，“来杯睡三天，要一碟全明星可可豆。”便排出十美刀。他们又故意地高声嚷道，“你一定是又被朗多打爆了！”利拉德睁大眼睛说，“你怎么这样凭空污人清白……”“什么清白？我前天亲眼见你浪投又失误，被鹈鹕的多爷吊着打。”利拉德便涨红了脸，额上的青筋条条绽出，争辩道，“低迷不能算吊打……吊打！……全明星之间的事，能算吊打么？”接连便是难懂的话，什么“看表庆祝”，什么“50+打爆勇士”之类，引得众人都哄笑起来：店内外充满了快活的空气。zz发自虎扑Android客户端,1,,
991楼,2018/4/22 11:37,慢节奏控,等了这么多年终于等到这一刻！发自虎扑iPhone客户端,0,,
992楼,2018/4/22 11:39,大斯莫克,问一下戴维斯今天穿的鞋子是哪款发自虎扑Android客户端,0,,
993楼,2018/4/22 11:40,火箭双核处理器,引用30楼 @这节课好久 发表的:这也没毛病吧，预测就肯定有不准的时候啊发自虎扑Android客户端,1,,
994楼,2018/4/22 11:40,囚老师,霍乐迪:有人说我不值2500w？发自虎扑iPhone客户端,0,,
995楼,2018/4/22 11:40,迪尔小可,隆多依然很NB发自虎扑Android客户端,0,,
996楼,2018/4/22 11:40,布冯是第一门将,这都能见到我科校友..发自虎扑iPhone客户端,0,,
999楼,2018/4/22 11:43,我是科密就这么简单,引用22楼 @为何而存在 发表的:利指导啊，还是没有出现期待的利拉德时间，第四节看到的是杀红眼的阿米奴和CJ，利指导面对提前包夹显得都有点木了，攻防两端都毫无存在感。以前说到利拉德，第一印象就是永远不服不忿，打不过你也要咬你几口肉，这轮系列赛的利拉德真的让人失望啊。利指导遇到隆指导不利了发自虎扑Android客户端,3,,
1000楼,2018/4/22 11:44,巴斯光年i,我都忍不住说。。。。。鹈鹕总冠军！发自虎扑Android客户端,0,,
1001楼,2018/4/22 11:49,小豪哥PZ,高估开拓者了，本来以为打个七场发自虎扑iPhone客户端,0,,
1002楼,2018/4/22 11:51,Ben_Simmons_,浓眉太强了……联盟第一人候选发自虎扑Android客户端,0,,
1003楼,2018/4/22 11:52,说5555,引用234楼 @天才小樱木 发表的:打人不打脸只有还我漂漂拳了发自虎扑iPhone客户端,0,,
1004楼,2018/4/22 11:52,NoyaDurant,引用625楼 @壮哉我大隆多 发表的:这剧情我看过，有人动我开哥的电脑演示外挂！！！诶……要不大家上柱香再走……？he…………pei！发自虎扑Android客户端,3,,
1005楼,2018/4/22 11:52,说5555,引用592楼 @紫金战神萨克雷大帝 发表的:这已经不是打脸了，这是把脸按在水泥地上疯狂摩擦柏油路都不过分发自虎扑iPhone客户端,0,,
1006楼,2018/4/22 11:53,登登登登登ghr,鹈鹕总冠军发自虎扑Android客户端,0,,
1007楼,2018/4/22 11:56,spollen,引用17楼 @灯泡最牛 发表的:经过一段时间的蛰伏，利拉德即将发布他的新专辑，专辑的歌曲有《新奥尔良的空袭》《假表》《假日的谎言》《剃了胡子的男人》《我的好友隆指导》敬请大家期待，还有5月份的巡回演唱会，大家不要错过利拉德透露，他最近一直在看一本书，书名叫《双层夹心三明治怎么做才好吃》同样是九年义务教育，你为什么这么晚优秀，钱列贤同学你的发言太厉害，坐下吧！发自虎扑Android客户端,2,,
1008楼,2018/4/22 12:03,esc_886,引用30楼 @这节课好久 发表的:这图啥意思啊？没看明白发自虎扑Android客户端,0,,
1009楼,2018/4/22 12:05,领母人扑,爸爸再也不用担心我晋级啦！季后赛点读机发自虎扑iPhone客户端,0,,
1010楼,2018/4/22 12:05,逸帆帆001,引用436楼 @考辛斯第一控卫 发表的:最后CJ想刷个40分，结果上篮不中，也是可惜了浓眉没放的意思，发自虎扑Android客户端,0,,
1011楼,2018/4/22 12:06,骑士球迷梁静如,以前看CJ看得少今天只想说CJ真牛逼，真大腿，速度真快发自虎扑Android客户端,0,,
1012楼,2018/4/22 12:08,冰晶气息,引用459楼 @青_萤 发表的:哥，那人是我同学，那条回复是他朋友整他的。。。。我同学系列?发自虎扑Android客户端,0,,
1013楼,2018/4/22 12:11,摆渡人BOS,引用399楼 @胡歌Hugh 发表的:季后赛同队两个40+，印象里上一次还是总决赛老詹和欧文吧！！！浓眉依旧攻防两端存在感十足，假日哥除去失误和不太好的三分手感，简直完美表现，隆多指导组织好依旧稳如狗热火当年打步行者，好像詹韦两人也是40+发自虎扑iPhone客户端,0,,
1014楼,2018/4/22 12:12,库里的小学同桌, 引用内容由于违规已被删除一直想知道这是哪位优优，但这种回复删得好快，，哪位老司机说一下发自虎扑Android客户端,0,,
1015楼,2018/4/22 12:13,这个年纪遇到你,就是这么吊发自虎扑Android客户端,0,,
1016楼,2018/4/22 12:13,库里的小学同桌,引用599楼 @花陌熙 发表的:这张图从我大一那年就出现了，一直到现在毕业两年了，黄图哥你tm能不能长点儿心？知道这图中的女的名字吗发自虎扑Android客户端,0,,
1017楼,2018/4/22 12:13,库里的小学同桌, 引用内容由于违规已被删除一直想知道这是哪位优优，但这种回复删得好快，，哪位老司机说一下发自虎扑Android客户端,0,,
1018楼,2018/4/22 12:14,无力保纯洁,espn的专家什么水平 而在双方开打之前的预测，ESPN的专家（一共22位）无一例外都最终选择了开拓者最终会晋级下一轮。这些专家里包括我们平时非常熟悉的爆料专家扎克-洛维和克里斯-海恩斯还有数据专家凯文-佩尔顿。 piapia连扇espn四个大耳光,0,,
1019楼,2018/4/22 12:15,阿航学长,利指导还有很长的路要走啊发自虎扑iPhone客户端,0,,
1020楼,2018/4/22 12:15,无力保纯洁,引用30楼 @这节课好久 发表的:而在双方开打之前的预测，ESPN的专家（一共22位）无一例外都最终选择了开拓者最终会晋级下一轮。这些专家里包括我们平时非常熟悉的爆料专家扎克-洛维和克里斯-海恩斯还有数据专家凯文-佩尔顿。 piapia连扇espn四个大耳光,0,,
1021楼,2018/4/22 12:16,Tmac身影,隆多，金牌辅助。发自虎扑iPhone客户端,0,,
1022楼,2018/4/22 12:17,喧炫D3,引用907楼 @寂寞中沸腾 发表的:可把你牛逼坏了 火蜜可真tm膨胀啊 说的你家球星超过k了一样你这b儿子，又出来和火箭球迷杠上了？发自虎扑Android客户端,0,,
1023楼,2018/4/22 12:18,喧炫D3,引用907楼 @寂寞中沸腾 发表的:可把你牛逼坏了 火蜜可真tm膨胀啊 说的你家球星超过k了一样昨天不敢和爷爷说话，今天怎么又出来怼别人了发自虎扑Android客户端,0,,
1024楼,2018/4/22 12:21,叮当了叮叮当当,记得前不久好多人黑霍乐迪啊，这货怎么这么软啊，现在突然这么爆炸了吗？发自虎扑Android客户端,0,,
1025楼,2018/4/22 12:24,的衮衮诸公,鹈鹕真的厉害,0,,
1026楼,2018/4/22 12:25,超银河最强球童, 引用内容由于违规已被删除先抢赛后然后编辑改成黄图发自虎扑Android客户端,0,,
1027楼,2018/4/22 12:26,直接吹还是走程序呢,多多真是强啊发自虎扑iPhone客户端,0,,
1028楼,2018/4/22 12:28,火箭尼克杨,可怜了我大表妹发自虎扑iPhone客户端,0,,
1029楼,2018/4/22 12:29,venido,开拓者真核cj+阿米奴发自虎扑iPhone客户端,0,,
1030楼,2018/4/22 12:29,向球迷看齐的伪球迷,引用8楼 @东风乱舞 发表的:同场40+，整个系列赛浓眉和霍勒迪命中率在55%以上合砍60+，这就是传说中的OK组合吧？还有系列赛55%命中率拿18分的米罗蒂奇和13+助攻的朗多除了鹈鹕总冠军不知道还能说啥了！你还能说鹈鹕冠顶发自虎扑iPhone客户端,1,,
1031楼,2018/4/22 12:32,111朝,这真的是风格相克了，实力差距绝对没有如此之大。  话说利拉德你他娘的干哈呢？？？？？？？,0,,
1032楼,2018/4/22 12:32,zltt_kobe,浓眉历史级超巨，假日证明自己是全明星级别，朗多教练级别，米罗蒂奇赛季最佳交易。CJ孤胆英雄，利指导让人失望。PS:浓眉和米罗搭档打C效果更好，可以考虑把考辛斯给我湖了。,1,,
1033楼,2018/4/22 12:33,红焖羊肉锅,一个赛季都让我恨得牙根直痒痒的霍乐迪，居然在季后赛打得这么好，但是我还是只想夸隆多，真大腿啊！发自虎扑Android客户端,0,,
1034楼,2018/4/22 12:38,WD555,一轮值得期待的激烈对决 结果草草4-0收场 专家的脸都打肿了,0,,
1035楼,2018/4/22 12:39,最爱的人永远不是伴侣,引用459楼 @青_萤 发表的:哥，那人是我同学，那条回复是他朋友整他的。。。。当时被点亮一时爽。现在被打脸就是别人整了？？冼都会冼一点……………………当时干嘛去了？？？,0,,
1036楼,2018/4/22 12:40,bonjovy,引用22楼 @为何而存在 发表的:利指导啊，还是没有出现期待的利拉德时间，第四节看到的是杀红眼的阿米奴和CJ，利指导面对提前包夹显得都有点木了，攻防两端都毫无存在感。以前说到利拉德，第一印象就是永远不服不忿，打不过你也要咬你几口肉，这轮系列赛的利拉德真的让人失望啊。而且最有意思的是 利拉德以前即使打不过 赛后评论也不服，也说自己牛逼。这几场打下来，每场赛后都会夸对方打的好。。看来是真的被打服了发自虎扑Android客户端,5,,
1037楼,2018/4/22 12:45,一CLK一,引用30楼 @这节课好久 发表的:真没想到开拓者一场都没赢发自虎扑iPhone客户端,0,,
1038楼,2018/4/22 12:49,龙在边缘998,这就是你们说的OK组合吧发自虎扑Android客户端,0,,
1039楼,2018/4/22 12:52,tommycp3,勇士就交给你了，隆指导发自虎扑iPhone客户端,0,,
1040楼,2018/4/22 12:55,Rebackin,发自虎扑Android客户端,0,,
1041楼,2018/4/22 12:55,wucf900617,真的没想到是这个结果,0,,
1042楼,2018/4/22 12:58,抱着鱼的喵,引用7楼 @超级神登 发表的:有谁还记得那位信誓旦旦的裸奔兄弟呢？你在哪？@bryant8888。    来啊大家一起艾特他发自虎扑iPhone客户端,0,,
1043楼,2018/4/22 12:58,JX14,鹕人总冠军！发自虎扑Android客户端,0,,
1044楼,2018/4/22 13:02,Ginkee,引用13楼 @Evorlin 发表的:鹈鹕总冠军！替湖总冠军,0,,
1045楼,2018/4/22 13:02,sunnycoco,可以的，这支鹈鹕已经强的可怕，如果下个系列赛能等到考辛斯的话不知道会强的什么境界，ad 假日 隆多教练  米罗 表妹，不说了还是希望 替湖总冠军发自手机虎扑 m.hupu.com,0,,
1046楼,2018/4/22 13:03,MVB胡子登,引用30楼 @这节课好久 发表的:哈哈，隔着太平洋都能听到啪啪啪的打脸声~发自虎扑Android客户端,0,,
1047楼,2018/4/22 13:09,lhcool18009,我能发表言论吗发自虎扑Android客户端,0,,
1048楼,2018/4/22 13:11,都没有拉风的昵称了,浓眉大眼,0,,
1049楼,2018/4/22 13:16,昊哥侃球,感觉库里第二轮不复出，勇士也要悬！发自虎扑iPhone客户端,0,,
1050楼,2018/4/22 13:16,我来接锅好吗,引用913楼 @Hen紫夕 发表的:盖帽分布图哪里看？我也不知道啊 是听最后腾讯解说也一直在讲这个事，不过这赛季浓眉补防确实盖过太多三分和跳投,0,,
1051楼,2018/4/22 13:33,名字被占用了怎么破,利指导可以休产假去了发自虎扑iPhone客户端,0,,
1052楼,2018/4/22 13:34,Gentleman丶,鹈得隆多强发自虎扑iPhone客户端,0,,
1053楼,2018/4/22 13:38,KuruMiku,引用612楼 @克城玫瑰l 发表的:坐等裸奔妈呀 这位兄弟我还认识发自虎扑iPhone客户端,2,,
1054楼,2018/4/22 13:38,348752416,假日哥：我给你们开拓者放个假,1,,
1055楼,2018/4/22 13:44,郭敬明玩大风车,引用22楼 @为何而存在 发表的:利指导啊，还是没有出现期待的利拉德时间，第四节看到的是杀红眼的阿米奴和CJ，利指导面对提前包夹显得都有点木了，攻防两端都毫无存在感。以前说到利拉德，第一印象就是永远不服不忿，打不过你也要咬你几口肉，这轮系列赛的利拉德真的让人失望啊。不过讲道理，看了直播都知道，利指导真的被防的很死发自虎扑iPhone客户端,0,,
1056楼,2018/4/22 13:44,standritsu,听说霍勒迪年薪比浓眉还高300万，现在我信了...,0,,
1057楼,2018/4/22 13:48,SeaAnswer,想想鹈鹕的全盛首发阵容真的美如画，隆多，假日哥，米罗蒂奇，浓眉，表妹这简直比肩完全体勇士，大于完全体雷霆和火箭的银河战舰啊不过表妹还在球权可能不够？还是现在这个阵容完美发自虎扑Android客户端,0,,
1058楼,2018/4/22 13:50,刘修斌,我说今年西部决赛有可能有鹈鹕一个席位，有人喷我么发自虎扑iPhone客户端,0,,
1059楼,2018/4/22 13:54,莎莎莱,疟了，双40发自虎扑Android客户端,0,,
1060楼,2018/4/22 13:57,林婕影,鹈鹕真的猛，隆多教练教得好啊，季后赛黑马来了发自手机虎扑 m.hupu.com,0,,
1061楼,2018/4/22 13:58,捕凤的汉子,差3分上50啊发自虎扑Android客户端,0,,
1062楼,2018/4/22 14:07,夜的封印,季后赛预测还有存活的吗？发自手机虎扑 m.hupu.com,0,,
1063楼,2018/4/22 14:08,Shaneshere,引用30楼 @这节课好久 发表的:赛后：新奥尔良鹈鹕 4发自虎扑iPhone客户端,0,,
1064楼,2018/4/22 14:12,夜的封印,金教练真狡猾，35分钟的隆指导完全激活了双头龙发自手机虎扑 m.hupu.com,0,,
1066楼,2018/4/22 14:19,熊猫的夏天,卧槽 这么强大的浓眉 配上隆指导 再加上一众炮台 金州是不是有点瑟瑟发抖 开玩笑 勇士和鹈鹕打 内线应该怎么办呢发自虎扑iPhone客户端,0,,
1067楼,2018/4/22 14:24,821546089,估计4-0勇士了发自虎扑Android客户端,0,,
1068楼,2018/4/22 14:32,唐丝路,鹈鹕这是怎么啦，水鸟变身翼龙么……发自虎扑Android客户端,1,,
1069楼,2018/4/22 14:35,我为高悦上王者,下轮是联盟最强双枪较量？？？发自虎扑Android客户端,0,,
1070楼,2018/4/22 14:38,Echoins,引用612楼 @克城玫瑰l 发表的:坐等裸奔甚至是校友吗，有点给劲,0,,
1071楼,2018/4/22 14:42,詹姆斯式暴扣,引用8楼 @东风乱舞 发表的:同场40+，整个系列赛浓眉和霍勒迪命中率在55%以上合砍60+，这就是传说中的OK组合吧？还有系列赛55%命中率拿18分的米罗蒂奇和13+助攻的朗多除了鹈鹕总冠军不知道还能说啥了！从此就有了HD组合了！,0,,
1072楼,2018/4/22 14:50,非常之所以,季后赛没内线的球队基本都是被按在地上摩擦。,0,,
1073楼,2018/4/22 15:12,勒夫宇一前,利拉德还要叫着进一阵吗？发自虎扑Android客户端,0,,
1074楼,2018/4/22 15:12,追风i少年,利拉德时间没能如约而至发自虎扑iPhone客户端,0,,
1075楼,2018/4/22 15:26,火箭_灯泡,鹈鹕真TM横,0,,
1076楼,2018/4/22 15:36,我系小肥仔,别说了，鹕人总冠军发自虎扑iPhone客户端,0,,
1077楼,2018/4/22 16:01,名人堂精英麦迪,引用1008楼 @esc_886 发表的:这图啥意思啊？没看明白球队标志代表预测季后赛首轮晋级的球队，后面数字代表取晋级所需的场次。这个预测里所有都预测开拓者会晋级，然而现实是鹈鹕4/0淘汰了开拓者发自虎扑iPhone客户端,0,,
1078楼,2018/4/22 16:52,jin仁仁,假日最后在浓眉挡拆之下一个中投算是完全杀死了比赛太意外了，鹈鹕横扫了开拓者,0,,
1079楼,2018/4/22 17:25,永不离开的8和24,替湖总冠军！发自虎扑iPhone客户端,0,,
1080楼,2018/4/22 18:00,不会运球的矮瘦铁匠,想象一下下赛季考神归来，再慢慢开发出奥卡福，加上朗教练，恩，卧虎有点难办发自虎扑Android客户端,0,,
1081楼,2018/4/22 19:01,普莱泽特,剃胡总冠军.,0,,
1082楼,2018/4/22 19:46,esc_886,引用1077楼 @名人堂精英麦迪 发表的:球队标志代表预测季后赛首轮晋级的球队，后面数字代表取晋级所需的场次。这个预测里所有都预测开拓者会晋级，然而现实是鹈鹕4/0淘汰了开拓者多谢多谢！            发自虎扑Android客户端,0,,
1083楼,2018/4/22 19:47,战神2GOD,利指导，，，MVP就是给你，你敢要不？！,0,,
1084楼,2018/4/22 20:59,PP_KG_ALLEN,阿米奴已经做了他能做的全部了，你不能每场比赛都要靠着他既防对面比他高十几公分的米罗和AD，又要他拿27分，投进每一个三分。,0,,
1085楼,2018/4/22 22:01,明夜雨后,利拉德：终于又可以安心做一个歌手了发自虎扑iPhone客户端,0,,
